DIM,N,R,sigma,v_s,dt,dx,dy,dz,relative_Bianchi_residual,rho_relative_peak_error,lambda_fit,beta_fit,analytic_residual_H,analytic_residual_HT,analytic_residual_R,analytic_residual_HTR,analytic_residual_action_beta_minus_1,analytic_improvement_HTR_over_H,analytic_action_over_fit,beta_fit_minus_beta_action,abs_beta_fit_plus_1,Q_fit_residual,Q_action_residual,action_residual_over_fit_residual,relative_tensor_difference_action_vs_fit,integral_abs_rho_A,integral_Q_action_positive,integral_Q_action_signed,integral_Q_fit_positive,action_positive_fraction_of_abs_rho,action_signed_fraction_of_abs_rho,eta_needed_for_action_positive_to_match_abs_rho,action_Q00_absrho_correlation,fit_Q00_absrho_correlation,runtime_seconds,ram_available_gib_after
4,31,2.0,0.5,0.25,0.026666666666666672,0.33333333333333304,0.33333333333333304,0.33333333333333304,0.0021285474873758378,0.10539912000501427,0.004202354112651533,-1.0013125671634129,4.2570503459107786e-07,4.1523794956325746e-07,7.513056482817877e-08,3.143689112664352e-08,3.144157601720364e-08,0.9261533489806127,1.0001490252500236,-0.001312567163412881,0.001312567163412881,0.0017958993027664405,0.001795538304407316,0.9997989874161828,2.3787368819598154e-05,0.00445054386692227,0.004486254390087787,-0.0005581242176028157,0.004486251710811541,1.008023856012504,-0.12540584573291289,0.99204001377086,-0.13777951888438444,-0.1377808315263681,38.395904302597046,13.339900970458984
4,31,3.0,0.5,0.25,0.026666666666666672,0.33333333333333304,0.33333333333333304,0.33333333333333304,0.0016314295415308672,0.04458471663268079,0.0030171407712180367,-1.0032009640625057,1.3091135103823698e-07,1.26890261002065e-07,2.984631956368781e-08,1.5312322880336058e-08,1.5317596704889154e-08,0.883032886308968,1.0003444170159101,-0.0032009640625056957,0.0032009640625056957,0.0020831584026755876,0.0020826915507518758,0.9997758922590273,3.696947980646425e-05,0.006074747708943486,0.0034357364153655206,-0.00037094437059469887,0.003435723376533492,0.5655768074626857,-0.06106333766727132,1.7681064477983846,-0.11480789127948561,-0.11480816521189438,35.23930263519287,13.441154479980469
4,31,4.0,0.5,0.25,0.026666666666666672,0.33333333333333304,0.33333333333333304,0.33333333333333304,0.0014353799292600104,0.04605342944022632,0.0030279085055426444,-1.003166957350547,8.02472595713014e-08,7.629452002381143e-08,2.117671672600848e-08,8.625194357558058e-09,8.628513729506078e-09,0.8925172721955148,1.0003848460464095,-0.0031669573505470616,0.0031669573505470616,0.0021920973028513023,0.0021922117661099835,1.0000522163220276,2.3215669177413803e-05,0.007024152648605123,0.0036058776166252755,0.0003701573322070748,0.003605863210655252,0.5133541078924788,0.0526977915664435,1.9479731137350678,-0.17768391846998433,-0.17768131598045647,36.2691330909729,13.638103485107422
4,31,2.0,1.0,0.25,0.026666666666666672,0.33333333333333304,0.33333333333333304,0.33333333333333304,0.009408370179746594,0.15755051486136867,0.004493301110384218,-1.000173501398001,3.1229623849800543e-06,3.0785356021029133e-06,8.996284310268445e-07,8.208440424280104e-07,8.208442037987199e-07,0.7371585241065102,1.0000001965911929,-0.00017350139800109687,0.00017350139800109687,0.012990864721085588,0.012990817709233916,0.9999963811607093,1.6488765036824678e-06,0.005204199842128119,0.03295093448025146,-0.00019976298009995768,0.0329509292877928,6.331604373358778,-0.03838495564349234,0.15793785287780415,-0.07243445570328107,-0.07243461395630074,30.997202396392822,13.682544708251953
4,31,3.0,1.0,0.25,0.026666666666666672,0.33333333333333304,0.33333333333333304,0.33333333333333304,0.009809551990165748,0.17110647547863042,0.0035020362371128173,-0.9978496054870398,2.590450852909853e-06,2.544717247694136e-06,9.642770684080124e-07,9.056838072320424e-07,9.056983067453103e-07,0.6503759929609597,1.0000160094650605,0.0021503945129601743,0.0021503945129601743,0.013439389364067397,0.013439720787510132,1.0000246606027816,1.2915993880462824e-05,0.010545407803379763,0.048848937635028344,-0.006883840027497778,0.048849010777410565,4.632247376850845,-0.6527808270526564,0.21587793540504588,0.0006933770071014194,0.000693859800302035,34.238418102264404,13.71109390258789
4,31,4.0,1.0,0.25,0.026666666666666672,0.33333333333333304,0.33333333333333304,0.33333333333333304,0.010146513036614437,0.17447281886971983,0.007689453662091538,-0.9977087549864977,2.3688902728808856e-06,2.183310973088977e-06,1.0355897973515225e-06,6.910981406936656e-07,6.91114506597251e-07,0.7082608052363699,1.000023681012322,0.0022912450135023077,0.0022912450135023077,0.013685515802931765,0.013685035768898885,0.9999649239356564,1.1251471203887635e-05,0.016053180604143333,0.0677829342263427,0.0014453157168029585,0.06778303118915749,4.222399030933963,0.0900329817774505,0.23683218773826015,0.00024427551371992545,0.00024402418077906584,35.23892545700073,13.724605560302734
4,31,2.0,2.0,0.25,0.026666666666666672,0.33333333333333304,0.33333333333333304,0.33333333333333304,0.04218682791493326,0.4367759957164495,0.005103006508333253,-0.881547533770248,5.5378982517993055e-05,5.5153995949785546e-05,2.9758827280875266e-05,2.9384817184188785e-05,3.0046633000960588e-05,0.4693868350751762,1.0225223731229443,0.11845246622975203,0.11845246622975203,0.08089169625147347,0.08117172122296984,1.0034617270309902,0.0015181926700455755,0.008743708788267501,0.32015444647267244,0.0007226468041317944,0.3201763006336236,36.61540591359386,0.08264762947062666,0.027310908483708478,-0.04514577550202009,-0.045060915219823874,36.334603786468506,13.628242492675781
4,31,3.0,2.0,0.25,0.026666666666666672,0.33333333333333304,0.33333333333333304,0.33333333333333304,0.043775103624485515,0.45372048971330053,0.00425680285320577,-0.811733325542396,5.882521638953028e-05,5.8580613511032875e-05,3.998439128399341e-05,3.9603354891024825e-05,4.084917264351862e-05,0.326762274382837,1.03145737920239,0.18826667445760403,0.18826667445760403,0.08353081311130742,0.08388894879641758,1.0042874679626659,0.0020202674668067925,0.019569790511230353,0.6281160623037773,-0.00954428875083852,0.6281699349776455,32.09620777204158,-0.48770520795107225,0.03115632871965272,-0.016592215898878857,-0.016533469369415184,40.80060839653015,13.498176574707031
4,31,4.0,2.0,0.25,0.026666666666666672,0.33333333333333304,0.33333333333333304,0.33333333333333304,0.045068249737945036,0.44146470610557936,0.01364478630728111,-0.7767439515374472,5.95989625298911e-05,5.6658459737954864e-05,4.379932921764749e-05,3.87461667238414e-05,4.0527087662097206e-05,0.3498852147902951,1.0459637969079394,0.22325604846255276,0.22325604846255276,0.0864286591091834,0.08676243689111636,1.0038618877739536,0.0022584331687408718,0.03322370718219389,0.8680856610310893,-0.10312370065100715,0.868175264507165,26.128500840397976,-3.1039191407958193,0.03827238332992581,0.009853975455276746,0.009873076131331395,39.4933762550354,13.56747817993164
4,31,2.0,4.0,0.25,0.026666666666666672,0.33333333333333304,0.33333333333333304,0.33333333333333304,0.10824037991330844,0.6755276705676175,0.005426064683929542,-0.8705504050214963,0.001981558747245565,0.0019810430834304757,0.0009966118687701527,0.000993843325543643,0.0010259927243955374,0.4984537668009492,1.0323485583950653,0.12944959497850372,0.12944959497850372,0.1821911014768946,0.18201433989434063,0.9990298012300212,0.002088030730605312,0.01478525496627049,2.9959081934889107,0.014588732449489982,2.996095894999534,202.62810484658246,0.9867082091429039,0.0049351495477744246,-0.1367356335232204,-0.13667065381491877,39.94206357002258,13.603858947753906
4,31,3.0,4.0,0.25,0.026666666666666672,0.33333333333333304,0.33333333333333304,0.33333333333333304,0.10989849245479948,0.679071487472561,0.006336655926183067,-0.8161683099056145,0.002361871021535012,0.0023599425943319013,0.0014461333745421391,0.0014404105586362677,0.001500689052229033,0.3901400434219624,1.04184813366672,0.1838316900943855,0.1838316900943855,0.1838723852376508,0.18356265033100808,0.9983154898097265,0.002692264612944692,0.033420636259804064,6.4149522461697766,0.00515616209136991,6.415425516718343,191.94584436697932,0.15428078781286908,0.005209802813381623,-0.1397194183817456,-0.13967594136876516,42.60719060897827,14.242118835449219
4,31,4.0,4.0,0.25,0.026666666666666672,0.33333333333333304,0.33333333333333304,0.33333333333333304,0.11153320434263103,0.7014702062538939,0.01407003263425662,-0.7792120535727041,0.002712220234292638,0.0026950088979456606,0.0017778891981651242,0.0017403312415838076,0.001835404348840467,0.3583370481572653,1.0546293171006556,0.22078794642729593,0.22078794642729593,0.18811679780425672,0.18765603294418798,0.9975506447832044,0.003197901177149968,0.05872990540000779,9.183862902325002,-1.7740012669482197,9.184727403863882,156.3745563656873,-30.206097811081854,0.00639490223499957,-0.12801087380880283,-0.127994946187355,37.232999324798584,14.277839660644531
4,31,2.0,0.5,0.5,0.026666666666666672,0.33333333333333304,0.33333333333333304,0.33333333333333304,0.0043717559936613856,0.10551141159079139,0.01689128604639998,-1.004196806661668,1.4454522898841918e-05,1.3136133086415924e-05,5.109920042109468e-06,2.1198410330873605e-06,2.1205332965985935e-06,0.8533441021939783,1.000326563879285,-0.0041968066616679955,0.0041968066616679955,0.00712797546637722,0.007127727445572309,0.9999652045933546,0.00016364186676162007,0.017801224650368538,0.07777179379536486,-0.005012568483217454,0.07777119255317225,4.368901315660592,-0.2815855977141258,0.2288904984911056,-0.1279750137827758,-0.12799149108703664,40.65910577774048,14.318000793457031
4,31,3.0,0.5,0.5,0.026666666666666672,0.33333333333333304,0.33333333333333304,0.33333333333333304,0.00327428960598776,0.04457990750643137,0.012079104628418975,-1.0112130953270626,4.649933065929119e-06,4.156170859695084e-06,2.033806628048924e-06,1.0456347582320937e-06,1.046585686115991e-06,0.775129073170183,1.000909426428694,-0.011213095327062605,0.011213095327062605,0.008289105173906724,0.008291323312305832,1.000267596845808,0.0002759038677021661,0.024295765226156004,0.05914671564274465,-0.0035554123633273716,0.059143804265776895,2.4344454719651836,-0.14633876851508815,0.4107711639122314,-0.10513135217438578,-0.10513430761350266,42.484219551086426,14.255252838134766
4,31,4.0,0.5,0.5,0.026666666666666672,0.33333333333333304,0.33333333333333304,0.33333333333333304,0.002874131092087571,0.04605102955480293,0.012086272987283344,-1.0113670516434887,2.9724064368352424e-06,2.4890460384438768e-06,1.450816601721006e-06,6.013411714742241e-07,6.019535966407777e-07,0.7976921446467868,1.0010184321240672,-0.011367051643488724,0.011367051643488724,0.008555671783366832,0.008562189257969302,1.0007617723970128,0.00017757656744850814,0.028088969594082903,0.06140037931779907,0.008671153905214427,0.061397016348156,2.1859249450977867,0.3087031682016934,0.45747224864358976,-0.1703391885327798,-0.1703038136227597,39.37359094619751,14.095821380615234
4,31,2.0,1.0,0.5,0.026666666666666672,0.33333333333333304,0.33333333333333304,0.33333333333333304,0.01842080654075865,0.15751320522103485,0.018713781351098482,-0.9870700150956825,0.00011681404776203528,0.00011176246552707776,6.323280528405027e-05,5.7327765098146495e-05,5.734153869271456e-05,0.5092391180987901,1.0002402604487457,0.012929984904317515,0.012929984904317515,0.054537446303491305,0.05453123788484579,0.9998861622780985,0.0002625774965357745,0.020816776634985167,0.5617395157987338,0.006819629339242508,0.5617646749927098,26.984942272698508,0.3276025610891783,0.03705770388146172,-0.05876064644778577,-0.058718031411524534,38.49810576438904,14.25381851196289
4,31,3.0,1.0,0.5,0.026666666666666672,0.33333333333333304,0.33333333333333304,0.33333333333333304,0.01909474652134636,0.17109569645939404,0.015069096528820942,-0.9725589289920752,0.0001050692038579602,9.993429767624587e-05,6.836039280797922e-05,6.361791203971908e-05,6.365506497208193e-05,0.39451418965996765,1.0005840011275386,0.02744107100792481,0.02744107100792481,0.05655617695107642,0.05655219987696991,0.9999296792265512,0.0003658255779335345,0.0421806802173062,0.8325416689340219,-0.10159307189281437,0.8326024118347263,19.7375116912515,-2.40852142187911,0.0506649478233491,0.007394137199611191,0.007415188318054008,41.44517159461975,14.328357696533203
4,31,4.0,1.0,0.5,0.026666666666666672,0.33333333333333304,0.33333333333333304,0.33333333333333304,0.01973357285761136,0.17446828413305399,0.031400092201095256,-0.9749574075791446,0.00010394191833726832,8.317183157490869e-05,7.4247661993015e-05,4.912493379663993e-05,4.915517147502926e-05,0.5273809202054508,1.000615526089348,0.02504259242085538,0.02504259242085538,0.0565101956879501,0.056485193115716856,0.9995575564386415,0.00027432095161924493,0.0641965024449188,1.1556479666837647,0.047171521796847436,1.155717080165126,18.001727861659152,0.7347989376418294,0.055550223161069036,0.005603471299762027,0.0055928207263685505,41.66845488548279,14.139785766601562
4,31,2.0,2.0,0.5,0.026666666666666672,0.33333333333333304,0.33333333333333304,0.33333333333333304,0.08334499134400138,0.43670212494168703,0.025806168960826673,-0.7020209915995056,0.002856501478194705,0.0028368446268219193,0.0022750930314060468,0.002228391514882357,0.002349678861008367,0.21988784816218987,1.0544282031752454,0.2979790084004944,0.2979790084004944,0.3445479274103136,0.34561262480615523,1.0030901285746923,0.006583977123777164,0.03497485862036021,5.4333274592565735,0.04586966905261363,5.437649844292057,155.3495188710677,1.3115040592590452,0.006437097502889274,-0.03209686548730175,-0.03132928448225378,36.87246775627136,14.247734069824219
4,31,3.0,2.0,0.5,0.026666666666666672,0.33333333333333304,0.33333333333333304,0.33333333333333304,0.0860506677461174,0.45369709273257885,0.024247511409533507,-0.5495226726468052,0.003403437486815938,0.003364183422669489,0.0031219907809766196,0.00306108167228453,0.0032678683118199077,0.10059118636896036,1.0675534538681715,0.4504773273531948,0.4504773273531948,0.35017567991107484,0.35146780701019986,1.003689939573911,0.008659292804656563,0.07827916664935781,10.69830475471022,-0.14917061848392354,10.708064425995452,136.6686081704472,-1.9056234866693909,0.007316969224950643,-0.006386030212024485,-0.005892141419836717,39.350666761398315,14.322525024414062
4,31,4.0,2.0,0.5,0.026666666666666672,0.33333333333333304,0.33333333333333304,0.33333333333333304,0.0882885039510931,0.44145494205588764,0.060673745424610515,-0.49687213810169106,0.003657724291195004,0.003255513610941637,0.003500717519166294,0.002994598829109739,0.003261853805513896,0.1812945452672753,1.0892456691715227,0.5031278618983089,0.5031278618983089,0.3560343979590527,0.35705612982113555,1.0028697560346413,0.009139295378207157,0.1328719727144817,15.012162503998294,-1.5757786930385187,15.02748336763321,112.98216017501876,-11.859376065896061,0.008850954862705021,0.018227323575646603,0.018377352751953468,41.39473342895508,14.137977600097656
4,31,2.0,4.0,0.5,0.026666666666666672,0.33333333333333304,0.33333333333333304,0.33333333333333304,0.2877417852228016,0.6749594240721923,0.03358350682080058,-0.6110105283304152,0.1136625919358008,0.1137058987958514,0.08844566770329064,0.08782936322767239,0.09913454879667724,0.2272799543645776,1.1287176082524861,0.38898947166958475,0.38898947166958475,0.36539198019583785,0.36489794772990286,0.9986479383984558,0.005651844279677981,0.05915100518396874,50.00190106056074,-0.8108789615719414,50.040854914755734,845.3263119544143,-13.70862522200566,0.001182975125532265,-0.12236163701851775,-0.12160466323835577,42.88327980041504,14.339603424072266
4,31,3.0,4.0,0.5,0.026666666666666672,0.33333333333333304,0.33333333333333304,0.33333333333333304,0.2910691155354668,0.6788206859312893,0.037215207544676145,-0.49211184443500977,0.1426868720238386,0.14217127951328465,0.1264177433053394,0.12526032787230204,0.14320366707995075,0.12213137694002507,1.1432483812906926,0.5078881555649902,0.5078881555649902,0.3669780531976332,0.3664019492974216,0.9984301407258778,0.006770676855292219,0.13368918063051144,105.44503346264372,-2.7188064207215668,105.53053789852474,788.7327378725691,-20.33677226458416,0.0012678565906840348,-0.12524753138359923,-0.12477309578869275,37.014039754867554,14.598026275634766
4,31,4.0,4.0,0.5,0.026666666666666672,0.33333333333333304,0.33333333333333304,0.33333333333333304,0.2957585191432515,0.7013870885336334,0.07025319460533576,-0.4303461360014128,0.1669695076920426,0.16283332871733391,0.15386404179750882,0.14822472653947655,0.17301106982044356,0.112264696780078,1.1672213797228068,0.5696538639985872,0.5696538639985872,0.3618862770053252,0.3611191708254353,0.9978802562334282,0.0073088945536942005,0.2349175034078091,152.01061662730737,-33.59670376182276,152.15953149203094,647.0808450719056,-143.01490214417944,0.0015454019503372519,-0.11892154597886986,-0.11874772653428432,38.7664680480957,14.521846771240234
4,31,2.0,0.5,0.75,0.026666666666666672,0.33333333333333304,0.33333333333333304,0.33333333333333304,0.0066855125452957905,0.1057503120710971,0.038300613401678965,-1.0051961056139973,0.00012036463160107744,9.850347694224377e-05,6.360807503704498e-05,2.6071517901160534e-05,2.6076141505194426e-05,0.783395524462959,1.0001773431087295,-0.005196105613997304,0.005196105613997304,0.015772731435322433,0.015774411735421916,1.000106531966665,0.0003290440652090168,0.04004916335400588,0.4472622467143194,0.007088299020577461,0.4472532689339802,11.167829968402634,0.17698994003749796,0.08954291055910774,-0.11382751490430994,-0.11387029910656211,39.39410471916199,14.605396270751953
4,31,3.0,0.5,0.75,0.026666666666666672,0.33333333333333304,0.33333333333333304,0.33333333333333304,0.004890623814491564,0.04457189354406667,0.027272549856116917,-1.0186555272044824,4.103741639069898e-05,3.312834382758919e-05,2.538585958293812e-05,1.3068765091942145e-05,1.3080651071267378e-05,0.6815402566399344,1.000909495215624,-0.01865552720448238,0.01865552720448238,0.018170281569210536,0.01818378846859928,1.0007433511328538,0.0007326712975264053,0.05465333262910854,0.3369086675709687,0.001993860433632585,0.3368533084798173,6.164467039134043,0.03648195522061629,0.16222002545421602,-0.09160870798268118,-0.09161341100055811,36.658950090408325,14.620155334472656
4,31,4.0,0.5,0.75,0.026666666666666672,0.33333333333333304,0.33333333333333304,0.33333333333333304,0.0042486231149035415,0.046047030150085516,0.027147068694100964,-1.0199283295413548,2.7501452014715723e-05,1.9778303377250157e-05,1.8228442170454117e-05,7.723504912413546e-06,7.731694255783663e-06,0.7191601044090041,1.001060314386148,-0.019928329541354817,0.019928329541354817,0.018235394276282173,0.018262083311011167,1.001463584188235,0.000497720845836237,0.06317154896984728,0.34384560551700416,0.06648206745181037,0.34377842146741155,5.443045344370561,1.052405213042081,0.18372068148104706,-0.1582565219577974,-0.1581292558149711,36.586201429367065,14.592864990234375
4,31,2.0,1.0,0.75,0.026666666666666672,0.33333333333333304,0.33333333333333304,0.33333333333333304,0.027400492399356324,0.15745104290866335,0.04398659426199194,-0.9315971296398492,0.0011020879828691767,0.0010308709147566536,0.0008158880435371771,0.0007341509654968825,0.0007360714295153506,0.3338544862946484,1.002615897967482,0.0684028703601508,0.0684028703601508,0.12175482428882375,0.12165637783774677,0.9991914369582313,0.0021111871811115884,0.046837658559578145,3.160702247088021,0.12075663478384463,3.1623077870339014,67.48207199699286,2.5781953773423694,0.01481875067565445,-0.03944441530493301,-0.03902549305023894,39.25541114807129,14.55209732055664
4,31,3.0,1.0,0.75,0.026666666666666672,0.33333333333333304,0.33333333333333304,0.33333333333333304,0.028182984419551037,0.17107773447972752,0.03662324229280401,-0.8912010638838771,0.0010737324747785131,0.0010004333744712036,0.0008890272882016362,0.0008178910429938784,0.0008209096510684777,0.23827297561937777,1.0036907215214752,0.1087989361161229,0.1087989361161229,0.12573660600879127,0.1256678893468748,0.9994534872214409,0.0022740701193103095,0.09490284908279101,4.689584216829209,-0.43829429905230954,4.692430152855792,49.414577772455765,-4.618347112740018,0.020236943126475747,0.016213931631061197,0.016352985797725095,38.988744258880615,14.581382751464844
4,31,4.0,1.0,0.75,0.026666666666666672,0.33333333333333304,0.33333333333333304,0.33333333333333304,0.028795553976739805,0.17446072708045268,0.07197472621962589,-0.90743381578089,0.0011243600609440291,0.0008205001736750994,0.0009781337392959152,0.0006438299826552003,0.0006459172231579436,0.4273809564930372,1.0032419125529621,0.09256618421911,0.09256618421911,0.12356657822837465,0.12340636993827916,0.9987034658368593,0.001606796618518221,0.14438115870643506,6.519673836775861,0.4325170922691301,6.522708006537501,45.155987770066844,2.99566159562794,0.022145457322115838,0.012983741974893825,0.012899413707834073,38.220786809921265,14.518733978271484
4,31,2.0,2.0,0.75,0.026666666666666672,0.33333333333333304,0.33333333333333304,0.33333333333333304,0.14021241971062207,0.43657906208243624,0.0634702656697731,-0.5192296467097041,0.0348445647620821,0.03459294737818699,0.03219345112812611,0.03140631156210662,0.03415654780568921,0.09867401769692918,1.0875695395858234,0.48077035329029594,0.48077035329029594,0.5702092118040961,0.571481045567019,1.0022304686360624,0.010594669935653028,0.07869344956474458,31.685374706851643,0.5656753592985088,31.779526148343443,402.64310285168887,7.188341118953016,0.0024835890467701464,-0.014107903494255244,-0.012017288697612268,43.59352660179138,14.540611267089844
4,31,3.0,2.0,0.75,0.026666666666666672,0.33333333333333304,0.33333333333333304,0.33333333333333304,0.14338046826600664,0.4536581060945907,0.06270791805190272,-0.3157924108026872,0.045456800563382166,0.04464601739250737,0.04485325608740127,0.04371898202108624,0.047915508901003,0.03823011124315312,1.0959886686724023,0.6842075891973127,0.6842075891973127,0.5757177302686689,0.577117399674478,1.0024311730075708,0.013455248734784684,0.1761280571895551,62.75281027658244,-0.668040456482313,62.95203146117484,356.2908220184686,-3.792924688673224,0.002806695929843975,0.0059282649540482995,0.007135428012437645,37.801103830337524,14.620662689208984
4,31,4.0,2.0,0.75,0.026666666666666672,0.33333333333333304,0.33333333333333304,0.33333333333333304,0.14558466182974142,0.4414386708293952,0.14682259860248914,-0.26686601700844614,0.05123617609210484,0.043928548332307776,0.051440597288889826,0.04324653303992804,0.048155721663982715,0.15593753596705184,1.1135163509991006,0.7331339829915539,0.7331339829915539,0.5759930373648056,0.5770454202251077,1.0018270756624366,0.013554741070980154,0.29887300561400937,90.78621570973021,-7.148690360559092,91.08600363433665,303.76184534704834,-23.918822463985034,0.0032920526896901706,0.025798290215045715,0.02610690892700754,36.782146692276,14.533123016357422
4,31,2.0,4.0,0.75,0.026666666666666672,0.33333333333333304,0.33333333333333304,0.33333333333333304,0.7239503948054089,0.6741517385668411,0.07822182156239055,-0.3336446757039206,1.4490335722007348,1.449908156383685,1.3506974333581916,1.3407506130548155,1.735710029234014,0.07472770902158155,1.2945808208726517,0.6663553242960794,0.6663553242960794,0.48948000455383134,0.4910535827655556,1.0032147956956048,0.00846504129206476,0.133097290229647,317.40572697480536,-20.760635062931208,318.79973033356964,2384.764756871844,-155.98089958939556,0.000419328571976938,-0.08184355359792357,-0.08004544574995293,31.620460510253906,14.562568664550781
4,31,3.0,4.0,0.75,0.026666666666666672,0.33333333333333304,0.33333333333333304,0.33333333333333304,0.7254082703464038,0.6783614256950617,0.09190028055713749,-0.20030138657829824,1.9834878790476682,1.9710026734997976,1.9498895337436077,1.9289419813781363,2.517042653699318,0.02749999041875717,1.3048825096859635,0.7996986134217018,0.7996986134217018,0.492306610901521,0.49430232385396816,1.0040538008392628,0.009510084261208938,0.3008056593983414,683.5669704395273,-44.75754423874432,686.124072609256,2272.4538222012466,-148.79222793968188,0.00044005294639225495,-0.07921753030132629,-0.07814098514947511,35.733447790145874,14.393123626708984
4,31,4.0,4.0,0.75,0.026666666666666672,0.33333333333333304,0.33333333333333304,0.33333333333333304,0.7365642888558526,0.7012485740228049,0.17689321722523205,-0.145661933779769,2.403764453563272,2.3125581764916268,2.3919915167402768,2.286070309616544,3.068614340704885,0.04896242798343309,1.3423096952864944,0.854338066220231,0.854338066220231,0.48683636692502075,0.488880203113464,1.00419819949227,0.009821229944868474,0.5285007843371115,1033.5703536959793,-223.52516472167014,1037.646225218873,1955.6647489035745,-422.94197349590223,0.0005113350846870052,-0.0742646958644586,-0.0737900755203923,36.45409846305847,14.507858276367188
4,31,2.0,0.5,1.0,0.026666666666666672,0.33333333333333304,0.33333333333333304,0.33333333333333304,0.008954033575126552,0.10781733497910184,0.06869769522971017,-0.998045064366619,0.0005703114491808866,0.0004142677497940947,0.0003964497255178588,0.0001603986059693489,0.00016040035081640798,0.7187526110518693,1.000010878193414,0.0019549356333810053,0.0019549356333810053,0.026656550905223873,0.02665481957036057,0.9999350503045402,0.0001737803326936089,0.07118947295189225,1.670162883122487,0.1618562240705016,1.6701823704464016,23.46081258743317,2.2735977295390186,0.04262426956752776,-0.09872089006920876,-0.09869657829662912,36.75896191596985,14.445510864257812
4,31,3.0,0.5,1.0,0.026666666666666672,0.33333333333333304,0.33333333333333304,0.33333333333333304,0.006439089645014719,0.04456067716771821,0.04875652961618563,-1.0161674994023084,0.00020615442127311205,0.0001516325670392006,0.0001587100247458871,8.171528821488021e-05,8.174055459278909e-05,0.6036209764008683,1.0003092001320786,-0.01616749940230844,0.01616749940230844,0.030084777367637348,0.03010591236323007,1.0007025146084496,0.0008686001745259952,0.09713110733038888,1.245354678750405,0.09418560047330977,1.2450941088280871,12.821378371754419,0.969674937946913,0.07799473434174649,-0.07755941014013273,-0.07755248599911123,30.672855377197266,14.45120620727539
4,31,4.0,0.5,1.0,0.026666666666666672,0.33333333333333304,0.33333333333333304,0.33333333333333304,0.005487346963585131,0.04604143214694521,0.04820461531160305,-1.0200903168996116,0.0001440398691188,9.078044338315076e-05,0.00011471821816809136,4.9725941517174035e-05,4.974843423571545e-05,0.6547765433182844,1.0004523336885165,-0.020090316899611604,0.020090316899611604,0.029394328456759777,0.029436460643514975,1.0014333440825898,0.0006899258969828634,0.11223379158245568,1.2438039062148432,0.30572542034610267,1.2434182383195103,11.082258637774418,2.7240050971769314,0.09023431348113925,-0.14231839341672872,-0.14211722557618844,34.64950251579285,14.489147186279297
4,31,2.0,1.0,1.0,0.026666666666666672,0.33333333333333304,0.33333333333333304,0.33333333333333304,0.03750248347470368,0.1573640636016304,0.07956285794186845,-0.8147272992950545,0.005930989065286425,0.005513394891568268,0.005217580439307907,0.0046801231200707,0.004726817080219641,0.21090343135800682,1.0099770794380802,0.1852727007049455,0.1852727007049455,0.19501153015885586,0.1946374296360382,0.998081649210624,0.007000112727291915,0.08326671337603375,11.591710929263494,0.7639424032270924,11.618047041510815,139.21182257927185,9.174643410952427,0.007183297951799795,-0.019447371513926507,-0.01796137698231501,36.49293041229248,14.434860229492188
4,31,3.0,1.0,1.0,0.026666666666666672,0.33333333333333304,0.33333333333333304,0.33333333333333304,0.03828802334435192,0.17105259560671388,0.06817329330458628,-0.7451013160133046,0.006143799067024968,0.005690057931029026,0.00572111986580219,0.005220212375870737,0.005277361060311937,0.15032827100601487,1.0109475784367234,0.25489868398669535,0.25489868398669535,0.1991319688583789,0.1988604481871462,0.9986364787492973,0.006627564457402823,0.16870657699903002,17.26157742470504,-1.0415082898455312,17.301684981370027,102.31715758659657,-6.17348954837439,0.009773531864913719,0.02437742712144647,0.024723465548583366,37.121073722839355,14.48447036743164
4,31,4.0,1.0,1.0,0.026666666666666672,0.33333333333333304,0.33333333333333304,0.33333333333333304,0.038234768759827675,0.17445014959927874,0.12907807343007177,-0.7906967611924092,0.006673962583272674,0.004700944659197528,0.006382440165677573,0.004213957681884088,0.004249899297846929,0.3685973468826802,1.008529182938252,0.20930323880759083,0.20930323880759083,0.19383496927001415,0.19341694646410287,0.997843408712651,0.004611343321394658,0.2565253431131055,24.017945004926478,2.1318679768690494,24.058809622189546,93.6279617189193,8.31055501572443,0.010680570009652696,0.0205904213959405,0.020273548482834754,31.851741790771484,14.528522491455078
4,31,2.0,2.0,1.0,0.026666666666666672,0.33333333333333304,0.33333333333333304,0.33333333333333304,0.234043430079302,0.4364069008450712,0.1107716439270825,-0.3342936325032532,0.2217916870647645,0.2196548956823322,0.2178792028277762,0.21269146422950874,0.23911620446800733,0.04103049557758409,1.12423977771851,0.6657063674967467,0.6657063674967467,0.7420315611916612,0.7434727915479427,1.0019422763554247,0.013620166671927591,0.13989943433543695,127.5477004576577,2.5046458085050536,128.41785192487077,911.7099083605764,17.90318753183564,0.0010968401141961761,7.507033842544523e-06,0.002947339712335278,35.14633917808533,14.516365051269531
4,31,3.0,2.0,1.0,0.026666666666666672,0.33333333333333304,0.33333333333333304,0.33333333333333304,0.23809118078953936,0.4536035456831391,0.11490450930794419,-0.11473493627669744,0.3097422201677612,0.3026446603365862,0.3101661120539295,0.3019857119440586,0.33899024400850597,0.025041817739608008,1.122537360546721,0.8852650637233026,0.8852650637233026,0.7461392902012624,0.7472732368745487,1.0015197519929295,0.016543829792205332,0.3131162442958033,255.8502060371757,-3.076830294350526,257.6201297359024,817.1093346261271,-9.826479304100943,0.001223826430103819,0.013664367193227554,0.015095075673339496,36.33119487762451,14.4388427734375
4,31,4.0,2.0,1.0,0.026666666666666672,0.33333333333333304,0.33333333333333304,0.33333333333333304,0.2396615461140989,0.44141589709910756,0.26859954863284774,-0.08247573053965863,0.36264622827242604,0.30726773770654175,0.36439517606219746,0.30692794537054147,0.3464585076809535,0.15364362995670822,1.1287942753556977,0.9175242694603414,0.9175242694603414,0.739474129174133,0.7399850131965314,1.0006908747747119,0.016211938730616948,0.5310980082390616,386.0359795302838,-21.399328679945032,388.5913756102175,726.8639187901426,-40.29261708379937,0.0013757733382398312,0.027380116126102857,0.02758060882104654,37.02077031135559,14.434120178222656
4,31,2.0,4.0,1.0,0.026666666666666672,0.33333333333333304,0.33333333333333304,0.33333333333333304,1.4611239684363013,0.6731983659792753,0.12048744547633623,-0.14476185639634562,9.800534319819137,9.791493782678414,9.676207941862915,9.624600134674795,14.343437689740469,0.017951489113053665,1.4902892056850234,0.8552381436036544,0.8552381436036544,0.6237811648928262,0.6320666743720414,1.0132827182761102,0.010516573338783752,0.23660402073587497,1859.1809677124502,-146.391763734843,1871.0247175601596,7857.774191368814,-618.720524188651,0.00012726250152345002,-0.04560178911396869,-0.04392126214490472,32.74911451339722,14.429180145263672
4,31,3.0,4.0,1.0,0.026666666666666672,0.33333333333333304,0.33333333333333304,0.33333333333333304,1.4750050672201835,0.6776964095985474,0.1597645954542921,-0.042962902736522535,14.262372672138655,14.14553128600285,14.264622335488994,14.12842052758428,20.968446296663718,0.009391995822409571,1.4841323738718701,0.9570370972634774,0.9570370972634774,0.6231730041557053,0.6326979548353283,1.0152846009312095,0.011278047828042483,0.5347567224106564,4083.5690682517343,-388.472112077286,4104.919422606477,7636.3117977146885,-726.4464303058655,0.00013095326991483886,-0.04315217014436642,-0.04219165428903127,34.827162742614746,14.38730239868164
4,31,4.0,4.0,1.0,0.026666666666666672,0.33333333333333304,0.33333333333333304,0.33333333333333304,1.4851314172973133,0.7010546890387495,0.3352209373018236,-0.006150820117431097,17.63993567301136,16.85207635444699,17.64635153655008,16.851655559741364,25.5783552556534,0.04468724421008208,1.517854145841916,0.9938491798825689,0.9938491798825689,0.6157695295695423,0.6249761853524316,1.0149514637226775,0.011451803969962433,0.9392839103021875,6642.830064806773,-1092.0902752505629,6672.779275537709,7072.228100521422,-1162.6838949037403,0.00014139815427139177,-0.03856626105873041,-0.038061537214128936,35.255351305007935,14.494083404541016
