DIM,N,R,sigma,v_s,dt,dx,dy,dz,relative_Bianchi_residual,rho_relative_peak_error,lambda_fit,beta_fit,analytic_residual_H,analytic_residual_HT,analytic_residual_R,analytic_residual_HTR,analytic_residual_action_beta_minus_1,analytic_improvement_HTR_over_H,analytic_action_over_fit,beta_fit_minus_beta_action,abs_beta_fit_plus_1,Q_fit_residual,Q_action_residual,action_residual_over_fit_residual,relative_tensor_difference_action_vs_fit,integral_abs_rho_A,integral_Q_action_positive,integral_Q_action_signed,integral_Q_fit_positive,action_positive_fraction_of_abs_rho,action_signed_fraction_of_abs_rho,eta_needed_for_action_positive_to_match_abs_rho,action_Q00_absrho_correlation,fit_Q00_absrho_correlation,runtime_seconds,ram_available_gib_after,confirmation
4,61,2.0,2.0,0.25,0.013333333333333308,0.16666666666666696,0.16666666666666696,0.16666666666666696,0.01995513812768484,0.17447281886972335,0.011302621090539804,-0.9991738160358984,0.00010133676844527615,9.94847848670451e-05,4.703994002946659e-05,4.5115031662159396e-05,4.511509123454546e-05,0.554800963615468,1.0000013204553753,0.0008261839641016122,0.0008261839641016122,0.026765819555426423,0.02676602975782785,1.0000078533893195,3.978728287850147e-06,0.010191570478982066,0.7863219977473306,0.001804466723843268,0.7863223011478984,77.15415395193033,0.17705482462831362,0.012961064943088277,0.00122696452171336,0.0012272347301815348,714.1913530826569,7.616542816162109,True
4,61,3.0,2.0,0.25,0.013333333333333308,0.16666666666666696,0.16666666666666696,0.16666666666666696,0.020523331170596588,0.17883379068905983,0.011483024592615384,-0.9994766345104878,0.0001103101515844135,0.00010718393429886591,6.654898593288847e-05,6.365757387317763e-05,6.365758988830907e-05,0.422921889247297,1.0000002515824977,0.0005233654895121509,0.0005233654895121509,0.026821700244944662,0.02682181197004576,1.000004165474227,2.079751165177385e-06,0.02269020343909865,1.632621802458618,0.0024491361396999554,1.6326220888799983,71.95271769337087,0.10793804234825519,0.013898015697774425,0.016403255195419835,0.01640333850789246,702.1752326488495,6.000263214111328,True
4,61,4.0,2.0,0.25,0.013333333333333308,0.16666666666666696,0.16666666666666696,0.16666666666666696,0.020861011410412723,0.17926535024534446,0.012767830313064244,-0.9967380643894593,0.0001230844552599756,0.00011782501645823915,8.586177666606741e-05,8.115992292151748e-05,8.116040430233218e-05,0.3406159798969438,1.0000059312625909,0.003261935610540667,0.003261935610540667,0.026944583784469824,0.02694522927962761,1.0000239563974322,1.1991989463752361e-05,0.04009014839907007,2.6512168956293296,-0.1623046156968766,2.651219396035182,66.13138143661317,-4.0484912672620945,0.015121414043928576,0.028950141496810168,0.028950376647812307,696.6649844646454,5.904136657714844,True
4,61,2.0,4.0,0.25,0.013333333333333308,0.16666666666666696,0.16666666666666696,0.16666666666666696,0.08882233299865326,0.44146470610558247,0.014757651990802489,-0.7503085128878109,0.0025655905170208462,0.0025553002612085213,0.0019790374384610946,0.001964072885964903,0.0020380119868302566,0.23445582101481388,1.0376458029606315,0.24969148711218914,0.24969148711218914,0.16901833558432403,0.1699706056027293,1.005634122564946,0.0024505523534700574,0.01910951659670744,9.491801939523652,-0.0048734010994789185,9.492665738889569,496.705497048475,-0.25502482361686757,0.002013265417721775,-0.006780032901585056,-0.006679582033199992,694.5126512050629,7.332790374755859,True
4,61,3.0,4.0,0.25,0.013333333333333308,0.16666666666666696,0.16666666666666696,0.16666666666666696,0.08978391772566591,0.4515556706786106,0.014695500224694647,-0.6313525614425121,0.003211604099798751,0.003194774530410146,0.002816510295420641,0.0027938136023657393,0.0029366745185878764,0.13008779552224126,1.0511347342933564,0.36864743855748794,0.36864743855748794,0.16896227347393353,0.17025670228800183,1.0076610523015246,0.0033659506840328832,0.04295433589910854,20.53450380995714,-0.029252239442728558,20.536619348139354,478.0542727558106,-0.6810078384504985,0.002091812702008415,0.0002065206277051019,0.0003007801470778886,696.9860825538635,6.033943176269531,True
4,61,4.0,4.0,0.25,0.013333333333333308,0.16666666666666696,0.16666666666666696,0.16666666666666696,0.09014072946829205,0.44532473175654075,0.014743968958590658,-0.5459854989699432,0.00395968570830543,0.003935637101500182,0.0036535641880761772,0.0036226168797871667,0.0038417843684953944,0.08512514713257735,1.060499770188534,0.4540145010300568,0.4540145010300568,0.16882787863867246,0.17037849967923482,1.0091846266923783,0.004031557617280087,0.07633557861823213,35.712891879416276,-0.32346169203685,35.716691279248316,467.84071760329255,-4.237364776581307,0.0021374796215321173,0.0032019159717892624,0.003277441239499255,684.08385181427,6.225242614746094,True
4,61,2.0,2.0,0.5,0.013333333333333308,0.16666666666666696,0.16666666666666696,0.16666666666666696,0.038732304100481015,0.17446828413305684,0.049323937895748834,-0.9703012953176573,0.004503379329758034,0.00430647945671555,0.0033572936146459022,0.003197167739786669,0.0031983870369886192,0.29005142456910193,1.0003813679172278,0.029698704682342703,0.029698704682342703,0.11269637731386029,0.11269767393476865,1.0000115054355718,0.00032897847128344885,0.04076628191550634,13.27012520232304,0.12177440812971087,13.270838077484695,325.517181817738,2.9871355053204236,0.0030720344604111102,0.006854762547772871,0.006888878669231888,672.5635199546814,7.814174652099609,True
4,61,3.0,2.0,0.5,0.013333333333333308,0.16666666666666696,0.16666666666666696,0.16666666666666696,0.03977079116693142,0.17883242457233234,0.05035070894468837,-0.9588139970771301,0.005635156664953353,0.0053279135646835335,0.004777069686799747,0.0045340622268927174,0.004535654948713217,0.19539730721395132,1.000351279215149,0.04118600292286989,0.04118600292286989,0.1127778266807141,0.11278875545934466,1.0000969053842605,0.0003927932799228555,0.0907608125222611,27.53336279849673,0.1781318481366011,27.53483220297429,303.3617927532718,1.9626515363435106,0.0032963940215546966,0.019985966368295846,0.020008644574007278,716.3525402545929,6.704109191894531,True
4,61,4.0,2.0,0.5,0.013333333333333308,0.16666666666666696,0.16666666666666696,0.16666666666666696,0.040412388883912645,0.1792647730513496,0.05693951762391258,-0.9356541606665404,0.006873212332717984,0.0063687730757946885,0.006162604649303129,0.005753504233485253,0.005756568886351634,0.16290899291771876,1.0005326584881165,0.06434583933345961,0.06434583933345961,0.1131426747399628,0.11316365221851293,1.0001854073062915,0.0005787576981439081,0.16035775262196042,44.8361481730885,-2.3726168415572135,44.83935959328768,279.6007516941738,-14.79577259448504,0.003576528295938904,0.031206532279091058,0.031222032218750986,699.905074596405,6.821338653564453,True
4,61,2.0,4.0,0.5,0.013333333333333308,0.16666666666666696,0.16666666666666696,0.16666666666666696,0.17418157766623973,0.44145494205589064,0.09807454883933071,-0.4033662920556556,0.16100204134634008,0.1583620046738948,0.15605200530450083,0.1527809619389889,0.16474592061163734,0.05106195759137222,1.0783144609171036,0.5966337079443444,0.5966337079443444,0.7012230645527038,0.7043633419829971,1.0044782859963348,0.010808401447508924,0.07643806260475934,161.98319794188504,-0.07994261036485857,162.14221799300856,2119.1431653554146,-1.045848202331086,0.0004718888352369926,0.0012266386269872253,0.002054922829709065,684.4227545261383,8.35781478881836,True
4,61,3.0,4.0,0.5,0.013333333333333308,0.16666666666666696,0.16666666666666696,0.16666666666666696,0.175814330228553,0.45155265975268616,0.10125720114768087,-0.1587569939590527,0.22491273007097398,0.21983387278090424,0.22438514906461043,0.21906396405132045,0.23974389275321523,0.026004601952979156,1.0944013260759313,0.8412430060409473,0.8412430060409473,0.7014149238033901,0.7056381794846392,1.0060210519307868,0.014512340551218417,0.17181733978819866,351.00823560048894,-1.3311076207974868,351.3791356219033,2042.915086644812,-7.747225177845027,0.0004894966053838063,0.0070481357203192475,0.007779715851316862,678.6631655693054,6.438362121582031,True
4,61,4.0,4.0,0.5,0.013333333333333308,0.16666666666666696,0.16666666666666696,0.16666666666666696,0.1764195665776818,0.4453234678494629,0.10449671047807287,0.013249394074998918,0.2932375937232863,0.28557200917036657,0.2932127941582285,0.28556666942620434,0.3152531323111913,0.02615941632750063,1.103956329863834,1.013249394074999,1.013249394074999,0.701272952962925,0.7063029655615439,1.0071726887189456,0.017165228889808527,0.30534223070179317,609.2256871783721,-9.578953396352933,609.8896026991267,1995.2224943734072,-31.37120395805335,0.0005011972363082477,0.009925350862262558,0.01049295233086497,684.9381442070007,8.95534896850586,True
4,61,2.0,2.0,0.75,0.013333333333333308,0.16666666666666696,0.16666666666666696,0.16666666666666696,0.056926429940056734,0.17446072708045526,0.12096494957343644,-0.8679686132762774,0.049370198547528506,0.04664697040052332,0.043960879871177416,0.04151642142511495,0.041642282299454936,0.15907931005893683,1.0030315925607174,0.1320313867237226,0.1320313867237226,0.2504118776423243,0.25035001452880346,0.9997529545558969,0.002364890233548636,0.09172413430798768,73.79753055624609,1.4656805822011632,73.83493374626632,804.5595754379284,15.979225023588217,0.0012429160382010141,0.014459244107052547,0.014729233772599727,737.3797674179077,7.9820556640625,True
4,61,3.0,2.0,0.75,0.013333333333333308,0.16666666666666696,0.16666666666666696,0.16666666666666696,0.05823910506797002,0.17883014786916504,0.12419403347442587,-0.8162583078003279,0.06671185046759394,0.06245065000592241,0.06295712176673107,0.05920292899837462,0.059371767611909564,0.1125575353792182,1.0028518625073362,0.18374169219967207,0.18374169219967207,0.2504117394654405,0.2504158532551179,1.0000164281023174,0.0029259222339049168,0.20421182251667533,153.0030167330922,2.197011015922445,153.08033800756948,749.2368210983399,10.758490810408606,0.0013346914778348121,0.024675076476727162,0.024849956230892385,805.5086402893066,6.0640106201171875,True
4,61,4.0,2.0,0.75,0.013333333333333308,0.16666666666666696,0.16666666666666696,0.16666666666666696,0.059094119709744715,0.17926381111405085,0.14330400402580595,-0.7480216107858815,0.08414653342552837,0.07680513917313891,0.08115882704775251,0.07457226313478195,0.07482898905817864,0.11378092359823566,1.0034426462682604,0.2519783892141185,0.2519783892141185,0.25103923789916777,0.2510731394939748,1.0001350450036846,0.003824683638859383,0.3607926400920234,249.8835671194941,-9.755785164250716,250.03122167381764,692.5960769481303,-27.039867447857073,0.0014438430035677082,0.03391469868081743,0.03401215952871617,719.1352095603943,6.423015594482422,True
4,61,2.0,4.0,0.75,0.013333333333333308,0.16666666666666696,0.16666666666666696,0.16666666666666696,0.2889014403400213,0.44143867082939736,0.2619229854362892,-0.13164018330259258,2.2555715963459613,2.1962893093114904,2.255398705698118,2.1909197880017217,2.413541519364842,0.02866315946209641,1.1016110825153338,0.8683598166974074,0.8683598166974074,1.1516411980259162,1.154943357477866,1.0028673509228483,0.01640250895855582,0.17198564883567447,949.935407215558,-0.5957968639554447,953.0347137027616,5523.341125533003,-3.4642243000443904,0.0001810498351038385,0.01068643919979286,0.012610188011063915,709.234769821167,8.040401458740234,True
4,61,3.0,4.0,0.75,0.013333333333333308,0.16666666666666696,0.16666666666666696,0.16666666666666696,0.2907193202680321,0.45154764194108693,0.28189637386298316,0.16127119638198378,3.3108686163611902,3.1920307528499134,3.297766283005574,3.184992169081852,3.531501052957408,0.03801916109183545,1.1087942655681458,1.1612711963819837,1.1612711963819837,1.1521116009946577,1.1562542819956154,1.0035957289184323,0.021189407916648757,0.3865890225534962,2064.9205611053444,-14.361453576087492,2071.8877392981576,5341.38436592467,-37.149149971272536,0.0001872173825159436,0.01488073553016681,0.016442566272485852,684.5202569961548,6.745220184326172,True
4,61,4.0,4.0,0.75,0.013333333333333308,0.16666666666666696,0.16666666666666696,0.16666666666666696,0.29136904111864986,0.44532136146479934,0.29879350051142345,0.3621491973409733,4.401587948484691,4.219461340428247,4.35426236249745,4.184716269547829,4.6521953858529494,0.049271236080043024,1.1117110662213743,1.3621491973409734,1.3621491973409734,1.1522004138663844,1.1570311718235748,1.0041926368876923,0.024543000167016268,0.6870194371806503,3577.566639819186,-83.14905310087501,3589.6915337292053,5207.373250603495,-121.02867633861594,0.0001920353990150615,0.017497351689714002,0.0186399617380235,742.560314655304,6.481906890869141,True
4,61,2.0,2.0,1.0,0.013333333333333308,0.16666666666666696,0.16666666666666696,0.16666666666666696,0.07692373884620032,0.17445014959928107,0.2247780183471145,-0.6815902213513854,0.2957013667753188,0.2790815631007869,0.28472220443263746,0.2675893188728129,0.27013904734463473,0.09506904959240892,1.0095285136288783,0.31840977864861464,0.31840977864861464,0.39575317289194284,0.3954066941147619,0.9991245078980693,0.0072548256424347455,0.16306512765229736,267.4920436447451,8.550089802344557,268.0313444605317,1640.4000505559748,52.433588501987096,0.0006096073940384686,0.021792597631379442,0.022599784792192427,670.4139804840088,5.579906463623047,True
4,61,3.0,2.0,1.0,0.013333333333333308,0.16666666666666696,0.16666666666666696,0.16666666666666696,0.07822318172371617,0.17882696100346615,0.23262669827146543,-0.5685466303249995,0.4163275285634613,0.3891304770004175,0.4101303089022812,0.3833954116792144,0.38670853508489206,0.07910146369104909,1.0086415311836066,0.4314533696750005,0.4314533696750005,0.3955594829450473,0.395334630859751,0.9994315593608775,0.008920316022777274,0.3630432213426792,554.2211710632329,12.910365333468478,555.313297941707,1526.598318000543,35.56151051580244,0.0006550511606155486,0.02894138840972609,0.029424000167649976,749.5250055789948,6.216175079345703,True
4,61,4.0,2.0,1.0,0.013333333333333308,0.16666666666666696,0.16666666666666696,0.16666666666666696,0.07912736219744744,0.17926246459110115,0.27420597803647734,-0.4570001978654847,0.5324610714299012,0.48231158758034676,0.5281955371101864,0.4792196436244611,0.48357903728423135,0.09999121186918414,1.0090968592747973,0.5429998021345153,0.5429998021345153,0.39652890781067296,0.39629533098178243,0.9994109462783428,0.010740367493299685,0.6413719688553913,909.2010734788424,-19.506325110254238,911.1091625952682,1417.587792465308,-30.413435662094372,0.0007054236819159632,0.035941325880905435,0.03615116605069216,983.5409188270569,7.229854583740234,True
4,61,2.0,4.0,1.0,0.013333333333333308,0.16666666666666696,0.16666666666666696,0.16666666666666696,0.47860000138083125,0.44141589709911067,0.49135551731840976,0.06741192033516849,15.773702318399872,15.268045160761625,15.740740947439411,15.260361365277404,17.07897137677701,0.03254410047561629,1.1191721459255592,1.0674119203351684,1.0674119203351684,1.4923248760844046,1.4945017309155924,1.0014587003581281,0.01947382659293421,0.30575225178138293,3882.0824036812537,-20.22389360495694,3908.208578144474,12696.823591856966,-66.14470862316757,7.875985617704764e-05,0.01577436732686164,0.017987058094194187,874.8696300983429,8.188732147216797,True
4,61,3.0,4.0,1.0,0.013333333333333308,0.16666666666666696,0.16666666666666696,0.16666666666666696,0.4805602418306121,0.4515406182614071,0.5453280252439312,0.32905122767919465,23.690032139874706,22.678998903823516,23.395649806694934,22.512873181567024,25.085976181642305,0.04969005324084408,1.1142947405834487,1.3290512276791946,1.3290512276791946,1.4935498239393505,1.4956899832801476,1.0014329346811828,0.023650227508997517,0.6872693605240077,8491.175188066441,-114.65694345096381,8546.64833019596,12354.945056174707,-166.82970322370224,8.093925108151119e-05,0.018594537494876533,0.020152516702757587,829.8024091720581,7.038661956787109,True
4,61,4.0,4.0,1.0,0.013333333333333308,0.16666666666666696,0.16666666666666696,0.16666666666666696,0.4812550181336422,0.44531841296796865,0.5933185378363597,0.4898970533974481,31.73484886779456,30.15184685008653,31.16882672951967,29.782412993803426,33.04216904057013,0.0615234023052974,1.109452382096942,1.489897053397448,1.489897053397448,1.4942854734939544,1.4964691326165924,1.0014613399925063,0.026278935450281617,1.2213644823455014,14743.905465985792,-457.0715059276601,14837.182918005072,12071.66712239059,-374.23022573073564,8.28385996616155e-05,0.02078943970731856,0.021780050359488795,879.1822054386139,6.991245269775391,True
