timestamp,pid,comm,state,vmrss_kib,vmswap_kib,vmsize_kib,vmhwm_kib,vmpeak_kib,majflt,memavailable_kib,system_swap_used_kib,pswpin_pages,pswpout_pages
2026-07-18T00:46:25-04:00,1778500,python,R,11620,0,20940,12372,21288,1,251194856,1020296,19398403,35857605
2026-07-18T00:46:30-04:00,1778500,python,R,12043148,0,61492140,12100492,61492140,259,239036084,1020296,19398405,35857605
2026-07-18T00:46:35-04:00,1778500,python,R,54962624,0,78197304,55380196,78197304,259,196096504,1020296,19398405,35857605
2026-07-18T00:46:40-04:00,1778500,python,R,68289740,0,193777828,68806516,193777828,259,182698148,1020296,19398405,35857605
2026-07-18T00:46:45-04:00,1778500,python,R,73831616,0,193777828,73831616,193777828,259,177250640,1020296,19398405,35857605
2026-07-18T00:46:50-04:00,1778500,python,R,78855360,0,193777828,78855360,193777828,259,172219436,1020296,19398406,35857605
2026-07-18T00:46:55-04:00,1778500,python,R,83879692,0,193777828,85553012,193777828,259,167175996,1020296,19398406,35857605
2026-07-18T00:47:00-04:00,1778500,python,R,90578112,0,193777828,90578112,193777828,259,160462972,1020292,19398422,35857605
2026-07-18T00:47:05-04:00,1778500,python,R,95140484,0,193777828,95600500,193777828,259,155777604,1020292,19398423,35857605
2026-07-18T00:47:10-04:00,1778500,python,R,100826304,0,193777828,100869312,193777828,259,150107396,1020292,19398427,35857605
2026-07-18T00:47:15-04:00,1778500,python,R,106159308,0,193777828,107323252,193777828,259,144495628,1020292,19398427,35857605
2026-07-18T00:47:20-04:00,1778500,python,R,112348352,0,193777828,112348352,193777828,259,139528588,1020292,19398428,35857605
2026-07-18T00:47:25-04:00,1778500,python,R,117097680,0,193777828,119046004,193777828,259,133776360,1020292,19398429,35857605
2026-07-18T00:47:30-04:00,1778500,python,R,123945604,0,193777828,124069748,193777828,259,126913024,1020288,19398429,35857605
2026-07-18T00:47:35-04:00,1778500,python,R,128914052,0,193777828,129095540,193777828,259,121903244,1020288,19398429,35857605
2026-07-18T00:47:40-04:00,1778500,python,R,134120640,0,193777828,134120640,193777828,259,116831320,1020288,19398430,35857605
2026-07-18T00:47:46-04:00,1778500,python,R,139447500,0,193777828,140818292,193777828,259,110930340,1020288,19398432,35857605
2026-07-18T00:47:51-04:00,1778500,python,R,145843392,0,193777828,145843392,193777828,259,105087112,1020288,19398439,35857605
2026-07-18T00:47:56-04:00,1778500,python,R,150867136,0,193777828,150867136,193777828,259,100046920,1020288,19398440,35857605
2026-07-18T00:48:01-04:00,1778500,python,R,155891468,0,193777828,157564788,193777828,259,95007332,1020288,19398443,35857605
2026-07-18T00:48:06-04:00,1778500,python,R,162589888,0,193777828,162589888,193777828,259,88303092,1020288,19398443,35857605
2026-07-18T00:48:11-04:00,1778500,python,R,167003340,0,193777828,167612276,193777828,259,83778296,1020288,19398443,35857605
2026-07-18T00:48:16-04:00,1778500,python,R,152540616,0,198801852,172635252,200448852,259,98308584,1020284,19398449,35857605
2026-07-18T00:48:21-04:00,1778500,python,R,152236928,0,198801852,172635252,200448852,259,98556720,1020284,19398449,35857605
2026-07-18T00:48:26-04:00,1778500,python,R,152676672,0,198801852,172635252,200448852,259,97501764,1020284,19398449,35857605
2026-07-18T00:48:31-04:00,1778500,python,R,154216768,0,198801852,172635252,200448852,259,97493808,1020284,19398461,35857605
2026-07-18T00:48:36-04:00,1778500,python,R,155889984,0,198801852,172635252,200448852,259,94985060,1020284,19398461,35857605
2026-07-18T00:48:41-04:00,1778500,python,R,155889984,0,198801852,172635252,200448852,259,94985868,1020284,19398462,35857605
2026-07-18T00:48:46-04:00,1778500,python,R,157565248,0,198801852,172635252,200448852,259,93303548,1020284,19398462,35857605
2026-07-18T00:48:51-04:00,1778500,python,R,156027200,0,198801852,172635252,200448852,259,94145672,1020284,19398462,35857605
2026-07-18T00:48:56-04:00,1778500,python,R,157732600,0,198801852,172635252,200448852,259,92433608,1020284,19398462,35857605
2026-07-18T00:49:01-04:00,1778500,python,R,159240512,0,198801852,172635252,200448852,259,91631292,1020284,19398462,35857605
2026-07-18T00:49:06-04:00,1778500,python,R,160031040,0,198801852,172635252,200448852,259,90773140,1020284,19398464,35857605
2026-07-18T00:49:11-04:00,1778500,python,R,160915776,0,198801852,172635252,200448852,259,89955280,1020284,19398465,35857605
2026-07-18T00:49:16-04:00,1778500,python,R,162178808,0,198801852,172635252,200448852,259,88617532,1020284,19398467,35857605
2026-07-18T00:49:21-04:00,1778500,python,R,162154644,0,200448852,172635252,200448852,259,88646408,1020284,19398467,35857605
2026-07-18T00:49:26-04:00,1778500,python,R,164264256,0,198801852,172635252,200448852,259,86601832,1020284,19398467,35857605
2026-07-18T00:49:31-04:00,1778500,python,R,164264256,0,198801852,172635252,200448852,259,86604164,1020284,19398474,35857605
2026-07-18T00:49:36-04:00,1778500,python,R,165939520,0,198801852,172635252,200448852,259,84930924,1020284,19398477,35857605
2026-07-18T00:49:41-04:00,1778500,python,R,165832440,0,198801852,172635252,200448852,259,84950332,1020284,19398478,35857605
2026-07-18T00:49:46-04:00,1778500,python,R,166226240,0,198801852,172635252,200448852,259,83432344,1020284,19398490,35857605
2026-07-18T00:49:51-04:00,1778500,python,R,166404244,0,200448852,172635252,200448852,259,83462644,1020284,19398492,35857605
2026-07-18T00:49:56-04:00,1778500,python,R,168097940,0,200448852,172635252,200448852,259,81761368,1020284,19398492,35857605
2026-07-18T00:50:01-04:00,1778500,python,R,169288000,0,198801852,172635252,200448852,259,80054788,1020284,19398496,35857605
2026-07-18T00:50:06-04:00,1778500,python,R,170980344,0,198829536,172635252,200448852,259,78373736,1020284,19398497,35857605
2026-07-18T00:50:11-04:00,1778500,python,R,172411608,0,200448852,172635252,200448852,259,77669276,1020284,19398505,35857605
2026-07-18T00:50:16-04:00,1778500,python,R,172610852,0,200448852,174258396,200448852,259,77561876,1020284,19398505,35857605
2026-07-18T00:50:21-04:00,1778500,python,R,173269136,0,200448852,174284360,200448852,259,76809344,1020284,19398507,35857605
2026-07-18T00:50:26-04:00,1778500,python,R,174284068,0,200448852,175957540,200448852,259,75881280,1020284,19398508,35857605
2026-07-18T00:50:31-04:00,1778500,python,R,174311744,0,198801852,175957648,200448852,259,75019584,1020284,19398508,35857605
2026-07-18T00:50:36-04:00,1778500,python,R,175987008,0,198801852,177632840,200448852,259,73342636,1020284,19398509,35857605
2026-07-18T00:50:41-04:00,1778500,python,R,175959332,0,200448852,177632840,200448852,259,74205028,1020284,19398510,35857605
2026-07-18T00:50:46-04:00,1778500,python,R,177066132,0,200448852,179308176,200448852,259,73027244,1020284,19398510,35857605
2026-07-18T00:50:51-04:00,1778500,python,R,177105044,0,200448852,179308176,200448852,259,72996536,1020284,19398511,35857605
2026-07-18T00:50:56-04:00,1778500,python,R,180548188,0,200476532,181009060,200476532,259,69534672,1020284,19398526,35857605
2026-07-18T00:51:01-04:00,1778500,python,R,197907928,0,227271396,199431792,228946076,259,52214768,1020284,19398534,35857605
2026-07-18T00:51:06-04:00,1778500,python,R,231720196,0,252391580,232924036,252391580,259,19037876,1020284,19398535,35857611
2026-07-18T00:51:11-04:00,1778500,python,R,232925004,0,252391580,232925004,252391580,259,17972556,1020284,19398535,35857611
2026-07-18T00:51:16-04:00,1778500,python,R,232803588,0,252391580,232924036,252391580,259,18004892,1020284,19398536,35857611
2026-07-18T00:51:22-04:00,1778500,python,R,234601424,0,259090296,236247436,260737296,259,16283184,1020284,19398537,35857611
2026-07-18T00:51:27-04:00,1778500,python,R,234149988,0,259090296,236247436,260737296,259,16652924,1020284,19398545,35857611
2026-07-18T00:51:32-04:00,1778500,python,R,235937892,0,259090296,237920652,260737296,259,14859296,1020284,19398545,35857611
2026-07-18T00:51:37-04:00,1778500,python,R,237922096,0,260737296,239595916,260737296,259,12950356,1020284,19398548,35857611
2026-07-18T00:51:42-04:00,1778500,python,R,237541344,0,259090296,239595916,260737296,259,13238792,1020284,19398548,35857611
2026-07-18T00:51:47-04:00,1778500,python,R,239623572,0,259090296,241269716,260737296,259,11229704,1020284,19398548,35857611
2026-07-18T00:51:52-04:00,1778500,python,R,239342120,0,259090296,241269716,260737296,259,11436116,1020280,19398549,35857611
2026-07-18T00:51:57-04:00,1778500,python,R,241998752,0,262441572,244648232,264116252,262,8707908,1020280,19398551,35857611
2026-07-18T00:52:02-04:00,1778500,python,R,248752468,2584692,295935668,249673444,297582668,262,2194196,3606208,19398586,36505496
2026-07-18T00:52:07-04:00,1778500,python,R,248869924,6693880,297582668,249673444,297582668,262,2062260,7715704,19398592,37532869
2026-07-18T00:52:12-04:00,1778500,python,R,248830756,8314276,297582668,249673444,297582668,262,2056884,9356448,19398612,37944099
2026-07-18T00:52:17-04:00,1778500,python,R,248863156,10043244,297582668,249673444,297582668,262,2028376,11065068,19398622,38370250
2026-07-18T00:52:22-04:00,1778500,python,R,248893752,11458124,297582668,249673444,297582668,262,2035120,12493572,19398627,38728274
2026-07-18T00:52:27-04:00,1778500,python,R,248855052,11717928,295935668,249673444,297582668,262,3567176,12741604,19398644,38789429
2026-07-18T00:52:32-04:00,1778500,python,D,248838076,10890068,297610348,249673444,297610348,26137,2017264,12741604,19605760,38789429
2026-07-18T00:52:37-04:00,1778500,python,D,247826400,12040740,297610348,249673444,297610348,57475,3063812,14895980,19856749,39328024
2026-07-18T00:52:42-04:00,1778500,python,D,249234000,12053124,297610348,249673444,297610348,101880,1666224,16330352,20212004,39686617
2026-07-18T00:52:47-04:00,1778500,python,D,249250828,11661516,297610348,249673444,297610348,142481,1655980,17241076,20536730,39914587
2026-07-18T00:52:52-04:00,1778500,python,R,249247784,11403268,297610348,249673444,297610348,186624,1651364,18394996,20889902,40202777
2026-07-18T00:52:57-04:00,1778500,python,D,247151688,12663224,297610348,249673444,297610348,212757,3636988,20493376,21098380,40727372
2026-07-18T00:53:02-04:00,1778500,python,D,249250592,12004068,297610348,249673444,297610348,257860,1644308,21282592,21458830,40925256
2026-07-18T00:53:07-04:00,1778500,python,R,248796532,11671676,297610348,249673444,297610348,285583,2060976,21833804,21680530,41062606
2026-07-18T00:53:12-04:00,1778500,python,D,249267792,12105732,297610348,249673444,297610348,313904,1635904,23184564,21906708,41400444
2026-07-18T00:53:17-04:00,1778500,python,R,247907708,18781632,304309064,249682312,304309064,314029,2792864,29857860,21907586,43070148
2026-07-18T00:53:22-04:00,1778500,python,R,248545732,18319548,331103928,249682312,331103928,328483,1706776,29857860,22023059,43070148
2026-07-18T00:53:27-04:00,1778500,python,D,249338628,18347660,331103928,249682312,331103928,354138,1526604,30707572,22227973,43282576
2026-07-18T00:53:32-04:00,1778500,python,D,247188920,21021680,331103928,249682312,332778608,370449,3638524,33904408,22358022,44081785
2026-07-18T00:53:37-04:00,1778500,python,D,248793848,20219568,331103928,249682312,332778608,395504,1997772,33904408,22558242,44081785
2026-07-18T00:53:42-04:00,1778500,python,R,249240256,20557688,332778608,249682312,332778608,418582,1584880,34985688,22742483,44352105
2026-07-18T00:53:47-04:00,1778500,python,D,247961904,25361268,331103928,249682312,332778608,425578,2818772,40008372,22798698,45607776
2026-07-18T00:53:52-04:00,1778500,python,D,249269784,25468948,331103928,249682312,332778608,469730,1551944,41532264,23151130,45990640
2026-07-18T00:53:57-04:00,1778500,python,R,249253024,26635992,331103928,249682312,332778608,505731,1557440,43854232,23438461,46569241
2026-07-18T00:54:02-04:00,1778500,python,R,248520996,31777248,332778608,249682312,332778608,523169,2244752,49558104,23577679,47996514
2026-07-18T00:54:07-04:00,1778500,python,D,247824760,35833716,331103928,249682312,332778608,539158,2863824,54118080,23705736,49135203
2026-07-18T00:54:12-04:00,1778500,python,D,249236024,35486516,331103928,249682312,332778608,572388,1518636,54838976,23971323,49315427
2026-07-18T00:54:17-04:00,1778500,python,R,248743644,42516824,332778608,249682312,332778608,575490,1963656,61977584,23996006,51101272
2026-07-18T00:54:22-04:00,1778500,python,D,248668160,43474380,331103928,249682312,332778608,594920,1993416,63544160,24151510,51491723
2026-07-18T00:54:27-04:00,1778500,python,D,249225804,43700224,331103928,249682312,332778608,619471,1477372,64555668,24347836,51744600
2026-07-18T00:54:32-04:00,1778500,python,R,248295696,50418940,356224112,249682312,356224112,627758,2362204,71554056,24413907,53494863
2026-07-18T00:54:37-04:00,1778500,python,R,248832272,60646744,356224112,249682312,356224112,627758,1773964,81782796,24413911,56052120
2026-07-18T00:54:42-04:00,1778500,python,R,248789264,71046496,356224112,249682312,356224112,627758,1748384,92183616,24413921,58651953
2026-07-18T00:54:47-04:00,1778500,python,R,248521544,72891324,357898792,249682312,357898792,627758,1914752,94012720,24413925,59108863
2026-07-18T00:54:53-04:00,1778500,python,R,248764080,72895420,357898792,249682312,357898792,627758,1748904,94016816,24413941,59109887
2026-07-18T00:54:58-04:00,1778500,python,R,248745688,74642600,366244508,249682312,366244508,627758,1780260,95777744,24413951,59550921
2026-07-18T00:55:03-04:00,1778500,python,R,246437292,76276176,364597508,249682312,366244508,627758,3755232,97397572,24413961,59955076
2026-07-18T00:55:08-04:00,1778500,python,R,245835612,77699536,366244508,249682312,366244508,627758,4555476,98820932,24413968,60310916
2026-07-18T00:55:13-04:00,1778500,python,R,247310612,77699536,364597508,249682312,366244508,627758,3024224,98820932,24413971,60310916
2026-07-18T00:55:18-04:00,1778500,python,R,245802412,79358268,364597508,249682312,366244508,627758,4469992,100479664,24413977,60725599
2026-07-18T00:55:23-04:00,1778500,python,R,247324948,79358268,364597508,249682312,366244508,627758,3152824,100479664,24413982,60725599
2026-07-18T00:55:28-04:00,1778500,python,R,247307368,81049836,364597508,249682312,366244508,627758,3173680,102171232,24414001,61148491
2026-07-18T00:55:33-04:00,1778500,python,R,247005440,81049836,364597508,249682312,366244508,627758,3394652,102171232,24414014,61148491
2026-07-18T00:55:38-04:00,1778500,python,R,248911564,82349620,367948316,249682312,367948316,627780,1554908,103480020,24414035,61476645
2026-07-18T00:55:43-04:00,1778500,python,R,248770956,89934728,377997820,249682312,377997820,627785,1676724,111089368,24414071,63378201
2026-07-18T00:55:48-04:00,1778500,python,R,249152784,98951668,384696536,249682312,384696536,627785,1378800,120128492,24414095,65639563
2026-07-18T00:55:53-04:00,1778500,python,D,249236496,99927596,386371216,249682312,386371216,649980,1286260,121791748,24591838,66055315
2026-07-18T00:55:58-04:00,1778500,python,D,249269148,100634820,386371216,249682312,386371216,673133,1251236,123239772,24777084,66417337
2026-07-18T00:56:03-04:00,1778500,python,D,248830256,100231172,386371216,249682312,386371216,699113,1629968,123667768,24984982,66524350
2026-07-18T00:56:08-04:00,1778500,python,D,249294960,100507784,386371216,249682312,386371216,722272,1123064,124697896,25170136,66781882
2026-07-18T00:56:13-04:00,1778500,python,D,248516240,100381224,386371216,249682312,386371216,746326,1948996,125328676,25362710,66939586
2026-07-18T00:56:18-04:00,1778500,python,R,249292832,100411608,386371216,249682312,386371216,771567,1212948,126166420,25564553,67149021
2026-07-18T00:56:23-04:00,1778500,python,D,248468940,100403820,386371216,249682312,386371216,797857,2023324,127000000,25774872,67357445
2026-07-18T00:56:28-04:00,1778500,python,R,249317916,100359868,386371216,249682312,386371216,823045,1179804,127761856,25976256,67547929
2026-07-18T00:56:33-04:00,1778500,python,D,248163032,100546016,386371216,249682312,386371216,845079,2318684,128653328,26152601,67770810
2026-07-18T00:56:38-04:00,1778500,python,R,249325784,100212616,386371216,249682312,386371216,870990,1170724,129148932,26359832,67894711
2026-07-18T00:56:43-04:00,1778500,python,D,247497400,101111072,386371216,249682312,386371216,894303,2895648,130793324,26546345,68305821
2026-07-18T00:56:48-04:00,1778500,python,R,249273952,100223136,386371216,249682312,386371216,922045,1177736,130793324,26768311,68305821
2026-07-18T00:56:53-04:00,1778500,python,D,249334368,100668580,386371216,249682312,386371216,937882,1147036,131755756,26894883,68546430
2026-07-18T00:56:58-04:00,1778500,python,D,249051892,100099028,386371216,249682312,386371216,963552,1415400,131997356,27100420,68606830
2026-07-18T00:57:03-04:00,1778500,python,D,249332028,100508992,386371216,249682312,386371216,985164,1162752,133103168,27273205,68883283
2026-07-18T00:57:08-04:00,1778500,python,D,248618900,100369964,386371216,249682312,386371216,1010838,1825640,133780964,27478618,69052732
2026-07-18T00:57:13-04:00,1778500,python,R,249322164,100397852,386371216,249682312,386371216,1033606,1161516,134540660,27660643,69242656
2026-07-18T00:57:18-04:00,1778500,python,D,248178332,100599448,386371216,249682312,386371216,1056604,2249340,135474520,27844653,69476121
2026-07-18T00:57:23-04:00,1778500,python,D,249330524,100237244,386371216,249682312,386371216,1081200,1154760,135902552,28041454,69583129
2026-07-18T00:57:28-04:00,1778500,python,D,247818432,100826228,386371216,249682312,386371216,1104759,2547372,137241944,28229900,69917977
2026-07-18T00:57:33-04:00,1778500,python,D,248967568,100484164,386371216,249682312,386371216,1129980,1474932,137706840,28431608,70034201
2026-07-18T00:57:38-04:00,1778500,python,D,247507172,101055508,386371216,249682312,386371216,1154564,2839944,139064572,28628368,70373634
2026-07-18T00:57:43-04:00,1778500,python,D,248856356,100603316,386371216,249682312,386371216,1182581,1580048,139508924,28852478,70484722
2026-07-18T00:57:48-04:00,1778500,python,R,247622500,100970648,386371216,249682312,386371216,1207829,2716984,140684320,29054495,70778571
2026-07-18T00:57:53-04:00,1778500,python,D,248883204,100582424,386371216,249682312,386371216,1235127,1509292,141169632,29272936,70899899
2026-07-18T00:57:58-04:00,1778500,python,D,247261692,101235048,386371216,249682312,386371216,1257196,3176492,142528296,29449473,71239565
2026-07-18T00:58:03-04:00,1778500,python,D,248968296,100382548,386371216,249682312,386371216,1283842,1413428,142528296,29662622,71239565
2026-07-18T00:58:08-04:00,1778500,python,D,249336756,100753316,386371216,249682312,386371216,1306901,1074680,143650600,29846940,71521050
2026-07-18T00:58:13-04:00,1778500,python,D,248853080,100466980,386371216,249682312,386371216,1335248,1450920,144256808,30073812,71671693
2026-07-18T00:58:19-04:00,1778500,python,D,247671564,100823224,386371216,249682312,386371216,1361807,2653828,145291388,30286270,71930338
2026-07-18T00:58:24-04:00,1778500,python,D,249289420,100114712,386371216,249682312,386371216,1390218,1157004,145500088,30513378,71982562
2026-07-18T00:58:29-04:00,1778500,python,D,249301672,100725228,386371216,249682312,386371216,1409708,1111552,146259072,30669477,72172259
2026-07-18T00:58:34-04:00,1778500,python,R,249283264,100335824,386371216,249682312,386371216,1449315,1169896,146259164,30986366,72172282
2026-07-18T00:58:39-04:00,1778500,python,D,248379824,100461076,386371216,249682312,386371216,1477279,2060792,146259856,31209996,72172455
2026-07-18T00:58:44-04:00,1778500,python,R,249272192,100355016,386371216,249682312,386371216,1501890,1183000,146261308,31406920,72172818
2026-07-18T00:58:49-04:00,1778500,python,D,248144252,100569456,386371216,249682312,386371216,1525699,2273576,146584096,31597320,72253510
2026-07-18T00:58:54-04:00,1778500,python,D,249262364,100296152,386371216,249682312,386371216,1552208,1184996,146681536,31809203,72277870
2026-07-18T00:58:59-04:00,1778500,python,D,249064612,101031512,386371216,249682312,386371216,1581017,1320464,148230444,32024725,72665097
2026-07-18T00:59:04-04:00,1778500,python,D,249094540,100147552,386371216,249682312,386371216,1608978,1251204,148230444,32245698,72665097
2026-07-18T00:59:09-04:00,1778500,python,D,249322536,100673620,386371216,249682312,386371216,1633438,1081188,148748232,32439690,72795152
2026-07-18T00:59:14-04:00,1778500,python,D,248730816,100402796,386371216,249682312,386371216,1658901,1644184,149277468,32643362,72926853
2026-07-18T00:59:19-04:00,1778500,python,R,249314808,100582836,386371216,249682312,386371216,1683169,1103376,149984004,32836844,73103584
2026-07-18T00:59:24-04:00,1778500,python,D,248689084,100370680,386371216,249682312,386371216,1709377,1677164,150553660,33046323,73245898
2026-07-18T00:59:29-04:00,1778500,python,D,249255260,100633896,386371216,249682312,386371216,1735326,1098608,151663564,33253851,73524507
2026-07-18T00:59:34-04:00,1778500,python,R,248716664,100367468,386371216,249682312,386371216,1762465,1668184,152249196,33471079,73669782
2026-07-18T00:59:39-04:00,1778500,python,D,248944440,100917808,386371216,249682312,386371216,1786807,1437996,153332464,33665793,73940599
2026-07-18T00:59:44-04:00,1778500,python,D,248240080,100776408,386371216,249682312,386371216,1812732,2158520,153406196,33873120,73959032
2026-07-18T00:59:49-04:00,1778500,python,D,249263928,100553200,386371216,249682312,386371216,1837759,1172748,153983732,34073335,74103416
2026-07-18T00:59:54-04:00,1778500,python,D,248490264,100405264,386371216,249682312,386371216,1861294,1893556,154588832,34261558,74254691
2026-07-18T00:59:59-04:00,1778500,python,D,249269176,100402152,386371216,249682312,386371216,1885560,1161952,155004808,34455658,74358685
2026-07-18T01:00:04-04:00,1778500,python,D,247843724,100730300,386371216,249682312,386371216,1903563,2575052,155259308,34599655,74422275
2026-07-18T01:00:09-04:00,1778500,python,D,249251108,100187628,386371216,249682312,386371216,1930634,1162220,155582892,34816176,74503171
2026-07-18T01:00:14-04:00,1778500,python,D,247839096,100745168,386371216,249682312,386371216,1956234,2550952,156959324,35020983,74847279
2026-07-18T01:00:19-04:00,1778500,python,D,249244028,100219400,386371216,249682312,386371216,1983743,1173592,157313604,35240948,74935849
2026-07-18T01:00:24-04:00,1778500,python,D,247591188,101029740,386371216,249682312,386371216,2009727,2799276,158955252,35448752,75346261
2026-07-18T01:00:29-04:00,1778500,python,D,249232596,100262860,386371216,249682312,386371216,2037071,1191280,159067892,35667483,75374421
2026-07-18T01:00:34-04:00,1778500,python,D,247674832,100820948,386371216,249682312,386371216,2058169,2718256,160296504,35836335,75681574
2026-07-18T01:00:39-04:00,1778500,python,D,249249328,100106556,386371216,249682312,386371216,2085038,1077268,160450220,36051295,75720992
2026-07-18T01:00:44-04:00,1778500,python,D,249255788,100837200,386371216,249682312,386371216,2108081,1154924,161910128,36235639,76084980
2026-07-18T01:00:49-04:00,1778500,python,D,249228544,100045276,386371216,249682312,386371216,2134828,1129612,161973616,36449619,76100852
2026-07-18T01:00:54-04:00,1778500,python,D,248852636,101064212,386371216,249682312,386371216,2154949,1492212,163263716,36610537,76423377
2026-07-18T01:00:59-04:00,1778500,python,D,248853008,100267136,386371216,249682312,386371216,2182331,1498796,163263716,36829488,76423377
2026-07-18T01:01:04-04:00,1778500,python,D,249253296,100628704,386371216,249682312,386371216,2206143,1138268,164101352,37019927,76632786
2026-07-18T01:01:09-04:00,1778500,python,D,248665788,100401048,386371216,249682312,386371216,2233056,1635640,164734656,37235245,76791112
2026-07-18T01:01:14-04:00,1778500,python,D,249245412,100595128,386371216,249682312,386371216,2257062,1124940,165716568,37427231,77037410
2026-07-18T01:01:19-04:00,1778500,python,D,248167152,100832032,386371216,249682312,386371216,2283268,2165612,166772352,37636954,77300536
2026-07-18T01:01:24-04:00,1778500,python,R,249262992,100582612,386371216,249682312,386371216,2309697,1105068,167389224,37848382,77455876
2026-07-18T01:01:29-04:00,1778500,python,R,249165512,105993140,395627832,249682312,395627832,2318464,1140140,172151412,37918405,78645301
2026-07-18T01:01:34-04:00,1778500,python,R,248920236,115033516,401093480,249682312,401093480,2318464,1405040,181186668,37918410,80904814
2026-07-18T01:01:40-04:00,1778500,python,R,248767776,122819784,417490420,249682312,417490420,2318466,1440600,188449676,37918421,82721144
2026-07-18T01:01:45-04:00,1778500,python,R,249089464,129956520,417490420,249682312,417490420,2318466,1139408,195512020,37918440,84486671
2026-07-18T01:01:50-04:00,1778500,python,R,242243196,134689712,433887356,249682312,433887356,2318491,7923904,199379960,37918494,85452681
2026-07-18T01:01:55-04:00,1778500,python,R,230740064,135215188,433920124,249682312,433920124,2318561,19290120,199905728,37918591,85584123
2026-07-18T01:02:00-04:00,1778500,python,D,220232028,135067216,451458468,249682312,451458468,2324584,29105532,199905596,37955710,85584123
2026-07-18T01:02:05-04:00,1778500,python,D,221419336,134361056,451458468,249682312,451458468,2348740,28187836,199905596,38132442,85584123
2026-07-18T01:02:10-04:00,1778500,python,R,222780788,133534280,451458468,249682312,451458468,2377033,26854668,199905596,38339076,85584123
2026-07-18T01:02:15-04:00,1778500,python,D,224592016,132524384,453133148,249682312,453133148,2410470,25391344,199905596,38591894,85584123
2026-07-18T01:02:20-04:00,1778500,python,D,227083120,131278880,453133148,249682312,453133148,2449370,22899804,199905596,38902931,85584123
2026-07-18T01:02:25-04:00,1778500,python,D,227482088,130611516,451458468,249682312,453133148,2476129,22506636,199905592,39069731,85584123
2026-07-18T01:02:30-04:00,1778500,python,D,229218352,129812076,453133148,249682312,453133148,2502233,20766160,199905592,39269695,85584123
2026-07-18T01:02:35-04:00,1778500,python,D,230872016,128985836,453133148,249682312,453133148,2528055,19119356,199905592,39476279,85584123
2026-07-18T01:02:40-04:00,1778500,python,D,232474584,128184004,453133148,249682312,453133148,2553118,17506912,199905592,39676772,85584123
2026-07-18T01:02:45-04:00,1778500,python,D,234199968,127320828,453133148,249682312,453133148,2580101,15775032,199905592,39892554,85584123
2026-07-18T01:02:50-04:00,1778500,python,D,235821516,126510320,453133148,249682312,453133148,2605434,14130928,199905592,40095140,85584123
2026-07-18T01:02:55-04:00,1778500,python,D,237545040,125648940,453133148,249682312,453133148,2632356,12412040,199905592,40310547,85584123
2026-07-18T01:03:00-04:00,1778500,python,D,238076288,124824016,451458468,249682312,453133148,2663337,11581100,199905592,40516701,85584123
2026-07-18T01:03:05-04:00,1778500,python,D,240106272,123933500,453133148,249682312,453133148,2693423,9764392,199905592,40739486,85584123
2026-07-18T01:03:10-04:00,1778500,python,D,241870912,123051676,453133148,249682312,453133148,2720977,8047656,199905592,40959891,85584123
2026-07-18T01:03:15-04:00,1778500,python,D,242264292,122290772,451458468,249682312,453133148,2750209,7657144,199905592,41149976,85584123
2026-07-18T01:03:20-04:00,1778500,python,D,244069476,121496152,453133148,249682312,453133148,2777658,5849980,199905592,41348629,85584123
2026-07-18T01:03:25-04:00,1778500,python,R,245807012,120626904,453133148,249682312,453133148,2804824,4105992,199905592,41565978,85584123
2026-07-18T01:03:30-04:00,1778500,python,D,247496588,119781168,453133148,249682312,453133148,2831262,2427368,199905592,41777447,85584123
2026-07-18T01:03:35-04:00,1778500,python,D,248582132,119582312,453133148,249682312,453133148,2858987,1629120,200593720,41999259,85756155
2026-07-18T01:03:40-04:00,1778500,python,D,249340532,119649328,453133148,249682312,453133148,2884624,971212,201492756,42204196,85981888
2026-07-18T01:03:45-04:00,1778500,python,D,247990376,120054652,453133148,249682312,453133148,2910969,2295036,202729184,42415048,86290021
2026-07-18T01:03:50-04:00,1778500,python,D,247967664,119382884,453133148,249682312,453133148,2938174,2297196,202927568,42632625,86339617
2026-07-18T01:03:55-04:00,1778500,python,D,249328540,118842412,453133148,249682312,453133148,2963688,1010104,203225880,42836617,86415355
2026-07-18T01:04:00-04:00,1778500,python,D,247922336,119143232,453133148,249682312,453133148,2985379,2380840,204198496,43010159,86657349
2026-07-18T01:04:05-04:00,1778500,python,D,249266704,118319120,453133148,249682312,453133148,3011144,1012860,204198496,43216246,86657349
2026-07-18T01:04:10-04:00,1778500,python,D,248498780,117574704,451458468,249682312,453133148,3037693,1773148,204198496,43402288,86657349
2026-07-18T01:04:15-04:00,1778500,python,D,249172648,116854616,453133148,249682312,453133148,3065241,1091508,204198496,43582374,86657349
2026-07-18T01:04:20-04:00,1778500,python,R,246638536,116017752,453133148,249682312,453133148,3091388,3605232,204198496,43791582,86657349
2026-07-18T01:04:26-04:00,1778500,python,D,248190184,115242232,453133148,249682312,453133148,3115623,2053652,204198496,43985415,86657349
2026-07-18T01:04:31-04:00,1778500,python,D,245925672,114455172,453133148,249682312,453133148,3140225,4309804,204198496,44182315,86657349
2026-07-18T01:04:36-04:00,1778500,python,D,247698344,113569336,453133148,249682312,453133148,3167904,2516760,204198496,44403708,86657349
2026-07-18T01:04:41-04:00,1778500,python,D,249173132,112739636,453133148,249682312,453133148,3193837,1060108,204198492,44611157,86657349
2026-07-18T01:04:46-04:00,1778500,python,R,249206988,111984916,453133148,249682312,453133148,3217425,1016576,204198492,44799784,86657349
2026-07-18T01:04:51-04:00,1778500,python,D,247093200,111123056,453133148,249682312,453133148,3244365,3117636,204198492,45015240,86657349
2026-07-18T01:04:56-04:00,1778500,python,D,248925624,110302184,453133148,249682312,453133148,3270029,1274376,204198492,45220476,86657349
2026-07-18T01:05:01-04:00,1778500,python,D,249102184,110371116,453133148,249682312,453133148,3297385,1094584,205142616,45439348,86891402
2026-07-18T01:05:06-04:00,1778500,python,D,247647152,110825724,451458468,249682312,453133148,3317929,2580892,206235236,45598887,87164534
2026-07-18T01:05:11-04:00,1778500,python,D,249306876,110626200,451458468,249682312,453133148,3348060,958388,206788136,45784271,87303783
2026-07-18T01:05:16-04:00,1778500,python,D,249123460,111677964,453133148,249682312,453133148,3374042,1087192,208629448,45987747,87763077
2026-07-18T01:05:21-04:00,1778500,python,D,248869856,112560000,453133148,249682312,453133148,3393637,1358596,210159732,46144476,88146759
2026-07-18T01:05:26-04:00,1778500,python,R,249116576,118837588,476578652,249682312,476578652,3402920,1194752,211901544,46218381,88581162
2026-07-18T01:05:31-04:00,1778500,python,R,249088728,130718684,476578652,249682312,476578652,3402920,1159264,211903988,46218389,88581926
2026-07-18T01:05:36-04:00,1778500,python,D,249151736,137938468,478253332,249682312,478253332,3409839,1125264,211963316,46270221,88596754
2026-07-18T01:05:41-04:00,1778500,python,D,249190060,138797584,478253332,249682312,478253332,3436216,1085420,211963716,46474206,88596854
2026-07-18T01:05:46-04:00,1778500,python,D,247735952,139484552,478253332,249682312,478253332,3463224,2493448,212076952,46670141,88625163
2026-07-18T01:05:51-04:00,1778500,python,D,249209020,138891356,478253332,249682312,478253332,3489999,1021212,212076952,46880155,88625163
2026-07-18T01:05:56-04:00,1778500,python,R,248920968,139597116,478253332,249682312,478253332,3503079,1308428,212077072,46984300,88625193
2026-07-18T01:06:01-04:00,1778500,python,R,248522480,138960104,478253332,249682312,478253332,3523047,1676480,212077072,47143929,88625193
2026-07-18T01:06:06-04:00,1778500,python,D,249223432,139109788,478253332,249682312,478253332,3549266,1025468,212077188,47352062,88625222
2026-07-18T01:06:11-04:00,1778500,python,R,248826988,138663820,478253332,249682312,478253332,3575046,1401540,212077188,47553344,88625222
2026-07-18T01:06:16-04:00,1778500,python,R,249229644,138895368,478253332,249682312,478253332,3594674,1018024,212078156,47707710,88625464
2026-07-18T01:06:21-04:00,1778500,python,R,248489572,139508588,478253332,249682312,478253332,3606912,1648224,212078156,47804690,88625464
2026-07-18T01:06:26-04:00,1778500,python,D,248303212,139025124,478253332,249682312,478253332,3622130,1711168,212078156,47925926,88625464
2026-07-18T01:06:31-04:00,1778500,python,R,249220016,138933728,478253332,249682312,478253332,3646981,1014288,212253376,48119373,88669269
2026-07-18T01:06:36-04:00,1778500,python,R,248920468,139596776,478253332,249682312,478253332,3658405,1312688,212402568,48207517,88706559
2026-07-18T01:06:41-04:00,1778500,python,D,248614272,138924880,478253332,249682312,478253332,3679771,1580524,212402568,48375891,88706559
2026-07-18T01:06:46-04:00,1778500,python,D,249265016,139094324,478253332,249682312,478253332,3705024,960048,213142820,48576503,88891739
2026-07-18T01:06:51-04:00,1778500,python,R,248902340,141137540,486598920,249682312,486599048,3709962,1278268,215084740,48615652,89377102
2026-07-18T01:06:56-04:00,1778500,python,D,245777332,142814036,484951920,249682312,486599048,3720026,4090116,215827772,48695112,89564351
2026-07-18T01:07:01-04:00,1778500,python,D,246990000,142111288,484951920,249682312,486599048,3742042,3159612,215827772,48870768,89564351
2026-07-18T01:07:06-04:00,1778500,python,D,248722384,141245272,484951920,249682312,486599048,3769100,1448120,215827772,49087011,89564351
2026-07-18T01:07:11-04:00,1778500,python,D,247737920,140894440,484951920,249682312,486599048,3786374,2461472,215827772,49223950,89564351
2026-07-18T01:07:16-04:00,1778500,python,D,249279204,140280840,484951920,249682312,486599048,3813403,971680,215827772,49440143,89564355
2026-07-18T01:07:21-04:00,1778500,python,R,248248356,141145988,484951920,249682312,486599048,3828858,1874040,215827772,49563218,89564358
2026-07-18T01:07:26-04:00,1778500,python,R,249052456,141111888,486598920,249682312,486599048,3842451,1151592,215827772,49670998,89564359
2026-07-18T01:07:31-04:00,1778500,python,D,245935164,144292524,484951920,249682312,486599048,3843992,3769100,215827772,49683105,89564361
2026-07-18T01:07:36-04:00,1778500,python,D,247659740,143430188,484951920,249682312,486599048,3870940,2537296,215827772,49898650,89564361
2026-07-18T01:07:41-04:00,1778500,python,R,248268392,142651712,484951920,249682312,486599048,3895261,1834364,215827772,50092947,89564361
2026-07-18T01:07:46-04:00,1778500,python,R,249180312,142965704,486598920,249682312,486599048,3896486,1076484,215827772,50102048,89564361
2026-07-18T01:07:52-04:00,1778500,python,R,246882044,146217132,484951920,249682312,486599048,3896639,3270688,215827772,50103126,89564425
2026-07-18T01:07:57-04:00,1778500,python,R,248975508,146236660,484951920,249682312,486599048,3896698,2914772,215827772,50103486,89564425
2026-07-18T01:08:02-04:00,1778500,python,R,247055832,148160032,484951920,249682312,486599048,3896914,3970252,217095808,50104878,89881469
2026-07-18T01:08:07-04:00,1778500,python,R,245890524,148160008,484643652,249682312,486599048,3896917,3982000,217095808,50104893,89881469
2026-07-18T01:08:12-04:00,1778500,python,D,186644668,147648732,451458340,249682312,486599048,3919133,63296112,217095808,50232958,89881469
2026-07-18T01:08:17-04:00,1778500,python,D,187942616,146887388,451458340,249682312,486599048,3948518,62343180,217095808,50423230,89881469
2026-07-18T01:08:22-04:00,1778500,python,D,188939508,146186328,451458340,249682312,486599048,3976085,61311960,217095808,50598547,89881469
2026-07-18T01:08:27-04:00,1778500,python,R,191701832,145507776,453133020,249682312,486599048,4002536,58535672,217095808,50768167,89881469
2026-07-18T01:08:32-04:00,1778500,python,D,195319624,144970064,453133020,249682312,486599048,4025640,54490972,217095808,50902640,89881469
2026-07-18T01:08:37-04:00,1778500,python,D,196838280,144249280,451458340,249682312,486599048,4055228,53390516,217095808,51082867,89881469
2026-07-18T01:08:42-04:00,1778500,python,R,198686576,143488524,451458340,249682312,486599048,4086138,51230496,217095808,51273068,89881469
2026-07-18T01:08:47-04:00,1778500,python,D,202292572,142873384,453133020,249682312,486599048,4112296,47930040,217095808,51426848,89881469
2026-07-18T01:08:52-04:00,1778500,python,R,204892416,142125060,453133020,249682312,486599048,4144220,45324264,217095808,51613723,89881469
2026-07-18T01:08:57-04:00,1778500,python,D,208970752,141583548,453133020,249682312,486599048,4167201,41244740,217095808,51749283,89881469
2026-07-18T01:09:02-04:00,1778500,python,D,209771520,140929428,451458340,249682312,486599048,4193455,39886700,217094976,51912940,89881469
2026-07-18T01:09:07-04:00,1778500,python,R,214623612,140319868,451458340,249682312,486599048,4218511,35197144,217094976,52065110,89881469
2026-07-18T01:09:12-04:00,1778500,python,R,219164300,139910888,451458340,249682312,486599048,4237095,30629024,217094976,52167638,89881469
2026-07-18T01:09:17-04:00,1778500,python,R,248502096,140015104,478253204,249682312,486599048,4250462,1709864,217482024,52238052,89978231
2026-07-18T01:09:22-04:00,1778500,python,R,248518788,139998412,478253204,249682312,486599048,4251423,1682268,217482024,52242230,89978231
2026-07-18T01:09:27-04:00,1778500,python,R,248529888,139987312,478253204,249682312,486599048,4252283,1699572,217488168,52246557,89979767
2026-07-18T01:09:32-04:00,1778500,python,R,248248136,143186112,486598920,249682312,486599048,4252283,1850360,220686968,52246564,90779467
2026-07-18T01:09:37-04:00,1778500,python,R,246367664,143186112,484951920,249682312,486599048,4252283,3724236,220686968,52246570,90779467
2026-07-18T01:09:42-04:00,1778500,python,R,246929136,144937780,484951920,249682312,486599048,4252283,3252400,222438484,52246576,91217365
2026-07-18T01:09:47-04:00,1778500,python,R,246387460,144937780,484951920,249682312,486599048,4252283,3673516,222438484,52246577,91217365
2026-07-18T01:09:52-04:00,1778500,python,R,246843120,146698832,484951920,249682312,486599048,4252283,3330336,224199536,52246581,91657628
2026-07-18T01:09:57-04:00,1778500,python,R,248460020,147427836,486598920,249682312,486599048,4252283,1730324,224940828,52246591,91843975
2026-07-18T01:10:02-04:00,1778500,python,R,246775824,148439516,484951920,249682312,486599048,4252283,3354436,225940220,52246606,92092799
2026-07-18T01:10:07-04:00,1778500,python,R,246015992,148439516,484643652,249682312,486599048,4252283,4042808,225940220,52246607,92092799
2026-07-18T01:10:12-04:00,1778500,python,D,188772508,147830372,451458340,249682312,486599048,4275266,61331444,225940220,52399299,92092799
2026-07-18T01:10:17-04:00,1778500,python,D,191197972,147078028,451458340,249682312,486599048,4304458,58908808,225940220,52587368,92092799
2026-07-18T01:10:22-04:00,1778500,python,D,193658440,146292932,451458340,249682312,486599048,4334520,56443028,225940220,52783592,92092799
2026-07-18T01:10:27-04:00,1778500,python,R,195128508,145472228,451458340,249682312,486599048,4363507,54856136,225940220,52988434,92092799
2026-07-18T01:10:32-04:00,1778500,python,D,196947860,144678660,451458340,249682312,486599048,4394414,53131852,225940220,53187191,92092799
2026-07-18T01:10:37-04:00,1778500,python,D,199417568,143884356,451458340,249682312,486599048,4425806,50656000,225940220,53385791,92092799
2026-07-18T01:10:42-04:00,1778500,python,D,201841352,143133664,451458340,249682312,486599048,4454704,48225080,225940220,53573520,92092799
2026-07-18T01:10:47-04:00,1778500,python,D,204306968,142343368,451458340,249682312,486599048,4483682,45752540,225940220,53771031,92092799
2026-07-18T01:10:52-04:00,1778500,python,D,206796876,141528668,451458340,249682312,486599048,4515310,43263688,225940220,53974782,92092799
2026-07-18T01:10:57-04:00,1778500,python,D,207717060,140608460,451458340,249682312,486599048,4549689,42345436,225940220,54204778,92092799
2026-07-18T01:11:02-04:00,1778500,python,D,210123172,139875640,451458340,249682312,486599048,4578027,39928772,225940220,54387943,92092799
2026-07-18T01:11:07-04:00,1778500,python,D,212473120,139200896,451458340,249682312,486599048,4604060,37575916,225940220,54556669,92092799
2026-07-18T01:11:12-04:00,1778500,python,D,214875500,138473836,451458340,249682312,486599048,4631803,35165048,225940220,54738416,92092799
2026-07-18T01:11:18-04:00,1778500,python,D,215714328,137634984,451458340,249682312,486599048,4663955,34328072,225940220,54948192,92092799
2026-07-18T01:11:23-04:00,1778500,python,D,218197760,136826912,451458340,249682312,486599048,4694550,31838596,225940220,55150164,92092799
2026-07-18T01:11:28-04:00,1778500,python,D,220603364,136094428,451458340,249682312,486599048,4723309,29431060,225940220,55333264,92092799
2026-07-18T01:11:33-04:00,1778500,python,D,222937184,135435996,451458340,249682312,486599048,4748947,27085208,225940220,55497839,92092799
2026-07-18T01:11:38-04:00,1778500,python,R,224355020,134702292,451458340,249682312,486599048,4776906,25570484,225940220,55680996,92092799
2026-07-18T01:11:43-04:00,1778500,python,D,226137252,133911192,451458340,249682312,486599048,4807182,23886500,225940220,55879038,92092799
2026-07-18T01:11:48-04:00,1778500,python,D,228533396,133188208,451458340,249682312,486599048,4835924,21499896,225940220,56059953,92092799
2026-07-18T01:11:53-04:00,1778500,python,R,248820140,136931040,476578524,249682312,486599048,4849877,1361728,230060440,56149798,93123811
2026-07-18T01:11:58-04:00,1778500,python,R,248594176,139582892,478253204,249682312,486599048,4849877,1458416,232695956,56149800,93781733
2026-07-18T01:12:03-04:00,1778500,python,R,248933100,139582892,478253204,249682312,486599048,4849877,1133404,232695956,56149808,93781733
2026-07-18T01:12:08-04:00,1778500,python,R,247730344,141264300,484951920,249682312,486599048,4849877,2303932,234377364,56149809,94202085
2026-07-18T01:12:13-04:00,1778500,python,R,247115944,143074532,484951920,249682312,486599048,4849877,2909088,236187596,56149812,94654643
2026-07-18T01:12:18-04:00,1778500,python,R,249043320,143671152,486598920,249682312,486599048,4849877,1105912,236799436,56149830,94806745
2026-07-18T01:12:23-04:00,1778500,python,R,247092924,144514768,484951920,249682312,486599048,4849877,2947312,237630800,56149839,95013562
2026-07-18T01:12:28-04:00,1778500,python,R,248185068,146179456,486598920,249682312,486599048,4849877,1844096,239295640,56149845,95429772
2026-07-18T01:12:33-04:00,1778500,python,R,246827068,146177176,484951920,249682312,486599048,4849877,3170228,239295640,56149848,95429772
2026-07-18T01:12:38-04:00,1778500,python,R,247283912,147929348,484951920,249682312,486599048,4849877,2816016,241048708,56149851,95868039
2026-07-18T01:12:43-04:00,1778500,python,R,246629644,147929300,484951920,249682312,486599048,4849877,3364380,241048512,56149860,95868039
2026-07-18T01:12:48-04:00,1778500,python,R,189349004,147928932,451458340,249682312,486599048,4849879,60668052,241048512,56149867,95868039
2026-07-18T01:12:53-04:00,1778500,python,R,198719608,147928932,451458340,249682312,486599048,4849879,51411424,241048512,56149877,95868039
2026-07-18T01:12:58-04:00,1778500,python,R,206818444,147928932,451458340,249682312,486599048,4849879,43245128,241048512,56149888,95868039
2026-07-18T01:13:03-04:00,1778500,python,R,239169532,147928932,478253204,249682312,486599048,4849879,10237016,241048512,56149895,95868039
2026-07-18T01:13:08-04:00,1778500,python,R,239773692,147928932,478253204,249682312,486599048,4849879,9611040,241048512,56149895,95868039
2026-07-18T01:13:13-04:00,1778500,python,R,240533500,147928932,478253204,249682312,486599048,4849879,8876136,241048512,56149896,95868039
2026-07-18T01:13:18-04:00,1778500,python,R,242260388,147928932,484951920,249682312,486599048,4849879,7202700,241048512,56149908,95868039
2026-07-18T01:13:23-04:00,1778500,python,R,242261192,147928128,484951920,249682312,486599048,4849879,7280448,241048512,56149918,95868039
2026-07-18T01:13:28-04:00,1778500,python,R,242995420,147928128,484951920,249682312,486599048,4849879,6597448,241048512,56149922,95868039
2026-07-18T01:13:33-04:00,1778500,python,R,245584044,147928128,486598920,249682312,486599048,4849879,4114108,241048512,56149926,95868039
2026-07-18T01:13:38-04:00,1778500,python,R,245611720,147928128,484951920,249682312,486599048,4849879,4145400,241048512,56149927,95868039
2026-07-18T01:13:43-04:00,1778500,python,R,246131196,147944512,484951920,249682312,486599048,4849879,3881384,241064896,56149935,95872135
2026-07-18T01:13:48-04:00,1778500,python,R,246960572,147944512,484643652,249682312,486599048,4849879,3143220,241064896,56149935,95872135
2026-07-18T01:13:53-04:00,1778500,python,R,190782364,147944512,451458340,249682312,486599048,4849879,59034720,241064896,56149942,95872135
2026-07-18T01:13:58-04:00,1778500,python,R,200379292,147944512,451458340,249682312,486599048,4849879,49749092,241064896,56149945,95872135
2026-07-18T01:14:03-04:00,1778500,python,R,209252272,147944512,451458340,249682312,486599048,4849879,40518860,241064852,56149953,95872135
2026-07-18T01:14:08-04:00,1778500,python,R,240570124,147944512,478253204,249682312,486599048,4849879,9507552,241064852,56149957,95872135
2026-07-18T01:14:13-04:00,1778500,python,R,240570124,147944512,478253204,249682312,486599048,4849879,9500756,241064852,56149960,95872135
2026-07-18T01:14:18-04:00,1778500,python,R,239559456,147944512,478253204,249682312,486599048,4849879,10189228,241064852,56149960,95872135
2026-07-18T01:14:23-04:00,1778500,python,R,242244808,147944512,484951920,249682312,486599048,4849879,7561820,241064852,56149967,95872135
2026-07-18T01:14:28-04:00,1778500,python,R,244378228,147944512,486598920,249682312,486599048,4849879,5329092,241064852,56149971,95872135
2026-07-18T01:14:33-04:00,1778500,python,R,242520284,147944512,484951920,249682312,486599048,4849879,6962416,241064852,56149971,95872135
2026-07-18T01:14:38-04:00,1778500,python,R,245041372,147944512,484951920,249682312,486599048,4849879,4910036,241064852,56149972,95872135
2026-07-18T01:14:43-04:00,1778500,python,R,244533880,147944512,486598920,249682312,486599048,4849879,5277112,241064852,56149980,95872135
2026-07-18T01:14:48-04:00,1778500,python,R,247264744,147948608,484951920,249682312,486599048,4849879,2830020,241068948,56149981,95873159
2026-07-18T01:14:54-04:00,1778500,python,R,245945808,147948608,484643652,249682312,486599048,4849879,3673396,241068948,56149982,95873159
2026-07-18T01:14:59-04:00,1778500,python,D,188331784,147274376,431365004,249682312,486599048,4871279,61720764,241068948,56318967,95873159
2026-07-18T01:15:04-04:00,1778500,python,D,190051944,146414344,431365004,249682312,486599048,4898153,59996104,241068948,56533932,95873159
2026-07-18T01:15:09-04:00,1778500,python,R,193683780,146272912,433039684,249682312,486599048,4902549,55620616,241068948,56568958,95873159
2026-07-18T01:15:14-04:00,1778500,python,D,190306136,145449204,426340968,249682312,486599048,4928315,59025048,241068948,56775221,95873159
2026-07-18T01:15:19-04:00,1778500,python,D,192110068,144545652,427707380,249682312,486599048,4956604,57237832,241068948,57001357,95873159
2026-07-18T01:15:24-04:00,1778500,python,D,193715796,143707960,427707380,249682312,486599048,4983562,55639560,241068948,57214272,95873159
2026-07-18T01:15:29-04:00,1778500,python,D,193929660,142883756,427707380,249682312,486599048,5010115,54787036,241068948,57423852,95873159
2026-07-18T01:15:34-04:00,1778500,python,D,195582260,142021624,427707380,249682312,486599048,5037903,53692536,241068948,57643007,95873159
2026-07-18T01:15:39-04:00,1778500,python,D,195932504,141126644,427707380,249682312,486599048,5066730,53045624,241068948,57870587,95873159
2026-07-18T01:15:44-04:00,1778500,python,D,197663708,140222896,427707380,249682312,486599048,5095837,51538820,241068948,58100371,95873159
2026-07-18T01:15:49-04:00,1778500,python,D,198017728,139326040,427707380,249682312,486599048,5124746,51055596,241068948,58328350,95873159
2026-07-18T01:15:54-04:00,1778500,python,D,198258324,138487440,427707380,249682312,486599048,5151771,50297444,241068948,58541566,95873159
2026-07-18T01:15:59-04:00,1778500,python,D,199785620,137691384,427707380,249682312,486599048,5177406,49450184,241068948,58743891,95873159
2026-07-18T01:16:04-04:00,1778500,python,D,199941100,136896864,427707380,249682312,486599048,5202982,48716932,241068940,58945943,95873159
2026-07-18T01:16:09-04:00,1778500,python,D,201540504,136063472,427707380,249682312,486599048,5229832,47610680,241068940,59157786,95873159
2026-07-18T01:16:14-04:00,1778500,python,D,201756272,135237400,427707380,249682312,486599048,5256459,47096064,241068940,59367815,95873159
2026-07-18T01:16:19-04:00,1778500,python,D,203367940,134397800,427707380,249682312,486599048,5283510,45688956,241068940,59581205,95873159
2026-07-18T01:16:24-04:00,1778500,python,D,203694956,133513632,427707380,249682312,486599048,5311986,45382692,241068940,59806020,95873159
2026-07-18T01:16:29-04:00,1778500,python,D,203968884,132658200,427707380,249682312,486599048,5339552,44453748,241068940,60023425,95873159
2026-07-18T01:16:34-04:00,1778500,python,D,205568956,131824012,427707380,249682312,486599048,5366444,43468144,241068940,60235523,95873159
2026-07-18T01:16:39-04:00,1778500,python,D,205796016,130992804,427707380,249682312,486599048,5393211,42824388,241068940,60446786,95873159
2026-07-18T01:16:44-04:00,1778500,python,D,207400192,130156604,427707380,249682312,486599048,5420140,41691400,241068940,60659477,95873159
2026-07-18T01:16:49-04:00,1778500,python,D,207684620,129294748,427707380,249682312,486599048,5447923,40772396,241068940,60878604,95873159
2026-07-18T01:16:54-04:00,1778500,python,D,209464376,128366868,427707380,249682312,486599048,5477820,39634004,241068940,61114501,95873159
2026-07-18T01:16:59-04:00,1778500,python,D,209692528,127534596,427707380,249682312,486599048,5504628,39325100,241068940,61326054,95873159
2026-07-18T01:17:04-04:00,1778500,python,R,211251060,126721808,427707380,249682312,486599048,5530780,38507232,241068940,61532575,95873159
2026-07-18T01:17:09-04:00,1778500,python,D,211455112,125903076,427707380,249682312,486599048,5557175,37357464,241068940,61740855,95873159
2026-07-18T01:17:14-04:00,1778500,python,D,211716136,125054220,427707380,249682312,486599048,5584539,36757272,241068940,61956663,95873159
2026-07-18T01:17:19-04:00,1778500,python,D,213398444,124176924,427707380,249682312,486599048,5612794,35542920,241068920,62179599,95873159
2026-07-18T01:17:24-04:00,1778500,python,D,213650352,123333052,427707380,249682312,486599048,5639974,34958376,241068920,62394160,95873159
2026-07-18T01:17:29-04:00,1778500,python,D,215281372,122482284,427707380,249682312,486599048,5667385,34030960,241068920,62610460,95873159
2026-07-18T01:17:34-04:00,1778500,python,D,215505168,121652292,427707380,249682312,486599048,5694130,33526208,241068920,62821464,95873159
2026-07-18T01:17:39-04:00,1778500,python,D,217162452,120787544,427707380,249682312,486599048,5721979,32240044,241068920,63041346,95873159
2026-07-18T01:17:44-04:00,1778500,python,D,217487648,119905356,427707380,249682312,486599048,5750409,31343244,241068708,63272740,95873159
2026-07-18T01:17:49-04:00,1778500,python,D,217610216,119129440,427707380,249682312,486599048,5775421,30614488,241068708,63469933,95873159
2026-07-18T01:17:54-04:00,1778500,python,D,219129880,118336816,427707380,249682312,486599048,5800962,29745664,241068708,63671489,95873159
2026-07-18T01:17:59-04:00,1778500,python,D,219335280,117516924,427707380,249682312,486599048,5827368,29851592,241068708,63879953,95873159
2026-07-18T01:18:04-04:00,1778500,python,D,221023588,116635652,427707380,249682312,486599048,5855759,28341088,241068708,64104034,95873159
2026-07-18T01:18:09-04:00,1778500,python,D,221274988,115792412,427707380,249682312,486599048,5882934,27822068,241068708,64318322,95873159
2026-07-18T01:18:15-04:00,1778500,python,D,222862932,114964216,427707380,249682312,486599048,5909608,26521108,241068708,64528939,95873159
2026-07-18T01:18:20-04:00,1778500,python,D,225479172,114300864,429716108,249682312,486599048,5928483,23961808,241068708,64677139,95873159
2026-07-18T01:18:25-04:00,1778500,python,D,225146688,111921184,427733864,249682312,486599048,5950174,23666192,239394028,64848540,95873159
2026-07-18T01:18:30-04:00,1778500,python,D,226679556,111121472,427733864,249682312,486599048,5975916,22394180,239394028,65051775,95873159
2026-07-18T01:18:35-04:00,1778500,python,D,226906964,110290060,427733864,249682312,486599048,6002711,22572928,239394028,65263172,95873159
2026-07-18T01:18:40-04:00,1778500,python,D,228513220,109451708,427733864,249682312,486599048,6029736,21082004,239394024,65476331,95873159
2026-07-18T01:18:45-04:00,1778500,python,R,228736100,108622688,427733864,249682312,486599048,6056443,20773136,239394024,65687112,95873159
2026-07-18T01:18:50-04:00,1778500,python,D,229048588,107746904,427733864,249682312,486599048,6084654,19930928,239394024,65909778,95873159
2026-07-18T01:18:55-04:00,1778500,python,D,230696792,106887208,427733864,249682312,486599048,6112351,18483444,239394024,66128228,95873159
2026-07-18T01:19:00-04:00,1778500,python,D,230913056,106062720,427733864,249682312,486599048,6138925,18061500,239394024,66337929,95873159
2026-07-18T01:19:05-04:00,1778500,python,D,232503228,105232420,427733864,249682312,486599048,6165659,17012512,239394024,66548973,95873159
2026-07-18T01:19:10-04:00,1778500,python,D,232857844,104334992,427733864,249682312,486599048,6194575,16241400,239394024,66777198,95873159
2026-07-18T01:19:15-04:00,1778500,python,D,233233816,103426444,427733864,249682312,486599048,6223851,15519468,239394024,67008178,95873159
2026-07-18T01:19:20-04:00,1778500,python,D,234985200,102512848,427733864,249682312,486599048,6253274,14495904,239394024,67240338,95873159
2026-07-18T01:19:25-04:00,1778500,python,D,235301336,101635436,427733864,249682312,486599048,6281524,14164756,239394024,67463384,95873159
2026-07-18T01:19:30-04:00,1778500,python,R,236816872,100844956,427733864,249682312,486599048,6307008,12628524,239394024,67664369,95873159
2026-07-18T01:19:35-04:00,1778500,python,D,236942264,100066280,427733864,249682312,486599048,6332104,11917984,239394024,67862342,95873159
2026-07-18T01:19:40-04:00,1778500,python,D,238525080,99241172,427733864,249682312,486599048,6358695,10612508,239394024,68072136,95873159
2026-07-18T01:19:45-04:00,1778500,python,D,238760156,98406056,427733864,249682312,486599048,6385576,10195832,239394024,68284400,95873159
2026-07-18T01:19:50-04:00,1778500,python,D,240370744,97565492,427733864,249682312,486599048,6412661,8778456,239394024,68498163,95873159
2026-07-18T01:19:55-04:00,1778500,python,R,240673520,96695356,427733864,249682312,486599048,6440712,8638000,239394024,68719337,95873159
2026-07-18T01:20:00-04:00,1778500,python,D,240991932,95815832,427733864,249682312,486599048,6469024,8074676,239394024,68942898,95873159
2026-07-18T01:20:05-04:00,1778500,python,D,242597216,94978560,427733864,249682312,486599048,6495990,6446024,239394024,69155766,95873159
2026-07-18T01:20:10-04:00,1778500,python,D,242848752,94135092,427733864,249682312,486599048,6523151,5509900,239394024,69370163,95873159
2026-07-18T01:20:15-04:00,1778500,python,R,244535804,93255016,427733864,249682312,486599048,6551527,4028432,239394024,69593940,95873159
2026-07-18T01:20:20-04:00,1778500,python,D,244935144,92333464,427733864,249682312,486599048,6581224,3691880,239394024,69828232,95873159
2026-07-18T01:20:25-04:00,1778500,python,D,245349972,91404496,427733864,249682312,486599048,6611130,2997244,239394024,70064394,95873159
2026-07-18T01:20:30-04:00,1778500,python,D,246963824,90562928,427733864,249682312,486599048,6638241,1996076,239394024,70278267,95873159
2026-07-18T01:20:35-04:00,1778500,python,D,247137648,89766384,427733864,249682312,486599048,6664384,2241532,239408360,70484505,95876743
2026-07-18T01:20:40-04:00,1778500,python,D,247542700,89781176,427733864,249682312,486599048,6689387,1833208,240194792,70680479,96073351
2026-07-18T01:20:45-04:00,1778500,python,D,247768620,89297272,427733864,249682312,486599048,6712851,1588972,240434408,70864496,96133255
2026-07-18T01:20:50-04:00,1778500,python,D,248184628,89545068,427733864,249682312,486599048,6736235,1141588,240508512,71048988,96151867
2026-07-18T01:20:55-04:00,1778500,python,R,248019512,93602060,431391492,249682312,486599048,6746235,1649536,242598948,71127696,96674056
2026-07-18T01:21:00-04:00,1778500,python,R,248018052,95696592,439772660,249682312,486599048,6758621,1279276,242533408,71226469,96681899
2026-07-18T01:21:05-04:00,1778500,python,D,248016088,96468728,439772660,249682312,486599048,6782713,1298440,242537960,71419108,96682729
2026-07-18T01:21:10-04:00,1778500,python,D,248016148,97149564,439772660,249682312,486599048,6803993,1303852,242547244,71589268,96685074
2026-07-18T01:21:15-04:00,1778500,python,D,248014928,97842880,439772660,249682312,486599048,6825620,1281512,242556148,71762289,96687236
2026-07-18T01:21:20-04:00,1778500,python,D,248012056,98565836,439772660,249682312,486599048,6848138,1285548,242572892,71942363,96691139
2026-07-18T01:21:25-04:00,1778500,python,D,248113716,99352956,439772660,249682312,486599048,6875903,1178664,242598188,72164135,96697039
2026-07-18T01:21:30-04:00,1778500,python,D,248101352,100105352,439772660,249682312,486599048,6899000,1162092,242736204,72348713,96731841
2026-07-18T01:21:36-04:00,1778500,python,R,248095480,100895240,439772660,249682312,486599048,6923479,1161636,244202288,72544621,97097746
2026-07-18T01:21:41-04:00,1778500,python,R,248094760,101682548,439772660,249682312,486599048,6948096,1137132,245785340,72741491,97493509
2026-07-18T01:21:46-04:00,1778500,python,R,248027356,108513444,446471376,249682312,486599048,6956302,1162244,252749592,72807028,99235619
2026-07-18T01:21:51-04:00,1778500,python,D,247569996,109563548,448146056,249682312,486599048,6981545,1600996,254487164,73008824,99668961
2026-07-18T01:21:56-04:00,1778500,python,D,248214180,109350700,448146056,249682312,486599048,7008322,986808,255149668,73222943,99835917
2026-07-18T01:22:01-04:00,1778500,python,D,247867952,110119508,448146056,249682312,486599048,7034905,1276584,256750040,73435543,100234680
2026-07-18T01:22:06-04:00,1778500,python,D,246440252,110316324,448146056,249682312,486599048,7062620,2714112,257831384,73657074,100505016
2026-07-18T01:22:11-04:00,1778500,python,D,247876232,109359612,448146056,249682312,486599048,7092533,1254548,257817048,73896152,100505016
2026-07-18T01:22:16-04:00,1778500,python,D,248074940,109593068,448146056,249682312,486599048,7119464,1109436,258766400,74111500,100742354
2026-07-18T01:22:21-04:00,1778500,python,D,248224040,109867868,448146056,249682312,486599048,7145939,937308,259827016,74322815,101011604
2026-07-18T01:22:26-04:00,1778500,python,D,243910432,112889172,448146056,249682312,486599048,7169737,5210592,263555188,74511988,101943647
2026-07-18T01:22:31-04:00,1778500,python,D,245032584,112141712,448146056,249682312,486599048,7193125,4047144,263538804,74698819,101943647
2026-07-18T01:22:36-04:00,1778500,python,D,246204712,111360780,448146056,249682312,486599048,7217543,2884040,263538804,74894036,101943647
2026-07-18T01:22:41-04:00,1778500,python,D,247414052,110554896,448146056,249682312,486599048,7242777,1661788,263522420,75095507,101943647
2026-07-18T01:22:46-04:00,1778500,python,D,243938132,114361288,448146056,249682312,486599048,7262629,5138892,267937388,75251486,103048498
2026-07-18T01:22:51-04:00,1778500,python,D,242994188,114028348,448146056,249682312,486599048,7287467,6042052,268354396,75449103,103155737
2026-07-18T01:22:56-04:00,1778500,python,D,244261308,113189224,448146056,249682312,486599048,7313881,4770064,268354396,75658876,103155737
2026-07-18T01:23:01-04:00,1778500,python,D,245568988,112321900,448146056,249682312,486599048,7341167,3451812,268338012,75875764,103155737
2026-07-18T01:23:06-04:00,1778500,python,D,246502104,111700080,448146056,249682312,486599048,7360618,2490300,268338012,76031130,103155737
2026-07-18T01:23:11-04:00,1778500,python,D,245997368,111021120,448146056,249682312,486599048,7382017,2846076,268321628,76200959,103155737
2026-07-18T01:23:16-04:00,1778500,python,D,247811992,110126000,448146056,249682312,486599048,7410259,1169800,268321628,76424815,103155737
2026-07-18T01:23:21-04:00,1778500,python,D,247471532,109737372,448146056,249682312,486599048,7436384,1670080,268727132,76623837,103257625
2026-07-18T01:23:26-04:00,1778500,python,R,248199968,109951472,448146056,249682312,486599048,7460793,978204,269667156,76803029,103492633
2026-07-18T01:23:31-04:00,1778500,python,D,247838096,109632920,448146056,249682312,486599048,7486041,1319656,270109524,76995538,103603225
2026-07-18T01:23:36-04:00,1778500,python,D,247792508,110530476,448146056,249682312,486599048,7511691,1350628,271809364,77196058,104028185
2026-07-18T01:23:41-04:00,1778500,python,D,247944540,109659628,448146056,249682312,486599048,7539707,1164912,271809364,77413767,104028185
2026-07-18T01:23:46-04:00,1778500,python,D,247893844,110441460,448146056,249682312,486599048,7562606,1188096,273322836,77596704,104406553
2026-07-18T01:23:51-04:00,1778500,python,D,247894504,109631904,448146056,249682312,486599048,7588421,1190136,273322836,77799168,104406553
2026-07-18T01:23:56-04:00,1778500,python,D,248198744,110103880,448146056,249682312,486599048,7612524,967676,273665716,77991130,104492059
2026-07-18T01:24:01-04:00,1778500,python,D,247961344,109491336,448146056,249682312,486599048,7638217,1142648,273665720,78195765,104492061
2026-07-18T01:24:06-04:00,1778500,python,D,248143712,110065628,448146056,249682312,486599048,7661775,1008228,273667184,78383212,104492365
2026-07-18T01:24:11-04:00,1778500,python,D,247818488,109562512,448146056,249682312,486599048,7688187,1302040,273667184,78594562,104492365
2026-07-18T01:24:16-04:00,1778500,python,D,248073812,110101340,448146056,249682312,486599048,7713032,1102080,273669864,78793335,104493142
2026-07-18T01:24:21-04:00,1778500,python,D,247843752,109530684,448146056,249682312,486599048,7740294,1289756,273669872,79011383,104493144
2026-07-18T01:24:26-04:00,1778500,python,D,247939876,110155456,448146056,249682312,486599048,7762883,1121300,274459264,79192079,104693563
2026-07-18T01:24:31-04:00,1778500,python,D,247265664,109920356,448146056,249682312,486599048,7786747,1830888,274987648,79382990,104825663
2026-07-18T01:24:36-04:00,1778500,python,D,248221772,109733184,448146056,249682312,486599048,7810745,986848,275449004,79574745,104946113
2026-07-18T01:24:41-04:00,1778500,python,R,247187548,109859208,448146056,249682312,486599048,7834742,1958912,275901036,79766845,105058247
2026-07-18T01:24:46-04:00,1778500,python,D,248199240,109781276,448146056,249682312,486599048,7863805,995176,276355692,79999135,105177157
2026-07-18T01:24:51-04:00,1778500,python,D,247246336,109937764,448146056,249682312,486599048,7891359,1912932,276972872,80219613,105330428
2026-07-18T01:24:57-04:00,1778500,python,D,248162860,109872744,448146056,249682312,486599048,7917703,1075588,276956760,80430369,105330598
2026-07-18T01:25:02-04:00,1778500,python,D,247539376,109665176,448146056,249682312,486599048,7944367,1644676,276956760,80643712,105330621
2026-07-18T01:25:07-04:00,1778500,python,D,248273568,109739812,448146056,249682312,486599048,7969639,963540,276940376,80845813,105330736
2026-07-18T01:25:12-04:00,1778500,python,R,247167092,110201392,448146056,249682312,486599048,7992044,2037216,276940376,80999873,105330780
2026-07-18T01:25:17-04:00,1778500,python,D,247451916,110074072,448146056,249682312,486599048,8011387,1802024,276924000,81112682,105330829
2026-07-18T01:25:22-04:00,1778500,python,D,246705280,110147012,448146056,249682312,486599048,8030371,2556328,276924000,81218876,105330908
2026-07-18T01:25:27-04:00,1778500,python,R,248323904,92747292,431840876,249682312,486599048,8045885,1114812,256812992,81315143,105331332
2026-07-18T01:25:32-04:00,1778500,python,R,248499200,96051064,437306524,249682312,486599048,8045886,1108432,251348108,81315154,105332462
2026-07-18T01:25:37-04:00,1778500,python,D,248533820,93739276,437306524,249682312,486599048,8045891,1184984,240740476,81315191,105404286
2026-07-18T01:25:42-04:00,1778500,python,R,248715720,104485324,448237820,249682312,486599048,8045893,1158520,242145064,81315200,105755439
2026-07-18T01:25:47-04:00,1778500,python,D,242902824,110131940,442772172,249682312,486599048,8046113,6162008,242128680,81315483,105755755
2026-07-18T01:25:52-04:00,1778500,python,D,247264580,109724736,472926828,249682312,486599048,8066239,2657080,242128680,81415167,105755755
2026-07-18T01:25:57-04:00,1778500,python,R,246906272,113664236,471252148,249682312,486599048,8079241,3116488,242122700,81490850,105755996
2026-07-18T01:26:02-04:00,1778500,python,R,248659404,115039168,472926828,249682312,486599048,8095768,1437288,242123240,81591432,105756251
2026-07-18T01:26:07-04:00,1778500,python,R,247861332,117945872,471252148,249682312,486599048,8107930,2193088,242450404,81673416,105838241
2026-07-18T01:26:12-04:00,1778500,python,R,248451524,119549088,471252148,249682312,486599048,8125526,1554332,243950988,81792983,106192724
2026-07-18T01:26:17-04:00,1778500,python,R,247193220,123891664,471252148,249682312,486599048,8134799,1861284,245692928,81853849,106390279
2026-07-18T01:26:22-04:00,1778500,python,D,247278852,126311564,472926828,249682312,486599048,8149421,1381120,246476972,81963518,106487732
2026-07-18T01:26:27-04:00,1778500,python,R,247201460,127957928,472926828,249682312,486599048,8168693,1461952,246537632,82097740,106493514
2026-07-18T01:26:32-04:00,1778500,python,D,247150056,129611584,472926828,249682312,486599048,8186703,1489084,246537632,82220560,106493514
2026-07-18T01:26:37-04:00,1778500,python,D,247183832,131490676,472926828,249682312,486599048,8204537,1462512,246616316,82341308,106513202
2026-07-18T01:26:42-04:00,1778500,python,R,246066312,132763936,471252148,249682312,486599048,8225093,2511732,246635804,82483179,106518271
2026-07-18T01:26:47-04:00,1778500,python,D,247122460,133363648,472926828,249682312,486599048,8245993,1482748,246675128,82640259,106529453
2026-07-18T01:26:52-04:00,1778500,python,D,247092796,134055784,472926828,249682312,486599048,8266654,1507068,246678288,82805293,106530450
2026-07-18T01:26:57-04:00,1778500,python,R,246932992,137158440,496372332,249682312,496372332,8278148,1641208,246682996,82897065,106531862
2026-07-18T01:27:02-04:00,1778500,python,R,244659828,149434036,496372332,249682312,496372332,8278148,3783680,247203784,82897092,106662070
2026-07-18T01:27:07-04:00,1778500,python,R,246523572,159542868,496372332,249682312,496372332,8278148,1860196,254027340,82897138,108367959
2026-07-18T01:27:12-04:00,1778500,python,R,247287268,160223376,498047012,249682312,498047012,8303470,1093068,254043568,83089916,108372016
2026-07-18T01:27:17-04:00,1778500,python,D,245716244,161017628,498047012,249682312,498047012,8329655,2663884,254051928,83286770,108374070
2026-07-18T01:27:22-04:00,1778500,python,D,247422164,160261300,498047012,249682312,498047012,8357970,1030668,254051744,83504312,108374070
2026-07-18T01:27:27-04:00,1778500,python,R,245156416,161550960,498047012,249682312,498047012,8377741,3146884,254090532,83659196,108383768
2026-07-18T01:27:32-04:00,1778500,python,D,246199340,161019908,498047012,249682312,498047012,8394993,1996196,254090532,83792275,108383768
2026-07-18T01:27:37-04:00,1778500,python,R,247238832,160942944,498047012,249682312,498047012,8423852,1147012,254129476,84016201,108393504
2026-07-18T01:27:42-04:00,1778500,python,D,247162180,160286412,498047012,249682312,498047012,8451095,1229268,254129476,84218132,108393504
2026-07-18T01:27:47-04:00,1778500,python,R,247451680,160728164,498047012,249682312,498047012,8473483,949340,254176092,84392432,108405158
2026-07-18T01:27:52-04:00,1778500,python,D,245530536,161189032,498047012,249682312,498047012,8480056,2203028,254182564,84441941,108406861
2026-07-18T01:27:57-04:00,1778500,python,D,247310788,160358992,498047012,249682312,498047012,8507142,1073168,254182452,84649225,108406861
2026-07-18T01:28:02-04:00,1778500,python,R,247268168,161044160,498047012,249682312,498047012,8526940,2684780,254726248,84803790,108542810
2026-07-18T01:28:07-04:00,1778500,python,D,246599244,160566624,498047012,249682312,498047012,8542390,1399192,254726248,84923515,108542810
2026-07-18T01:28:12-04:00,1778500,python,D,247431388,160584624,498047012,249682312,498047012,8568365,958060,255558552,85127130,108750886
2026-07-18T01:28:17-04:00,1778500,python,R,247382448,161002908,506392728,249682312,506392728,8577592,1007368,256283780,85200053,108932832
2026-07-18T01:28:22-04:00,1778500,python,R,245857996,163954008,504745708,249682312,506392728,8592234,2371988,259681900,85314834,109781723
2026-07-18T01:28:28-04:00,1778500,python,D,245309176,163230892,504745708,249682312,506392728,8615610,2393300,259681900,85493439,109781723
2026-07-18T01:28:33-04:00,1778500,python,D,246985988,162430656,504745708,249682312,506392728,8641334,1311240,259681900,85693625,109781723
2026-07-18T01:28:38-04:00,1778500,python,D,247424064,162466180,504745708,249682312,506392728,8669341,953628,260622572,85914706,110018308
2026-07-18T01:28:43-04:00,1778500,python,D,246395592,162293704,504745708,249682312,506392728,8691405,1938164,261118744,86086849,110140934
2026-07-18T01:28:48-04:00,1778500,python,D,247427340,162254388,504745708,249682312,506392728,8717897,923964,261882980,86286561,110331986
2026-07-18T01:28:53-04:00,1778500,python,R,246739472,162164736,504745708,249682312,506392728,8741022,1591228,262521956,86469603,110491654
2026-07-18T01:28:58-04:00,1778500,python,R,247870428,161920852,504745708,249682312,506392728,8768532,993620,263114152,86688426,110769254
2026-07-18T01:29:03-04:00,1778500,python,R,246922696,161590632,504745708,249682312,506392728,8782058,2394364,263143676,86789119,110917163
2026-07-18T01:29:08-04:00,1778500,python,D,245091524,164904492,504745708,249682312,506392728,8782318,4331124,263182816,86790842,110983313
2026-07-18T01:29:13-04:00,1778500,python,D,247442112,164214768,504745708,249682312,506392728,8803898,2153572,263182816,86962893,110983313
2026-07-18T01:29:18-04:00,1778500,python,D,247078812,163568308,504745708,249682312,506392728,8824101,2511476,263182816,87124216,110983313
2026-07-18T01:29:23-04:00,1778500,python,D,247264416,162907600,504745708,249682312,506392728,8848702,2364936,263182816,87320364,110983313
2026-07-18T01:29:28-04:00,1778500,python,D,248726268,162293556,504745708,249682312,506392728,8875124,944652,263199104,87529445,110987385
2026-07-18T01:29:33-04:00,1778500,python,D,247185212,162917172,504745708,249682312,506392728,8898735,2454076,263215496,87716050,110991483
2026-07-18T01:29:38-04:00,1778500,python,R,247222852,163117196,504745708,249682312,506392728,8916023,2333756,263231884,87853598,110995580
2026-07-18T01:29:43-04:00,1778500,python,R,248585828,165724776,506392708,249682312,506392728,8918412,1079488,263248336,87871568,110999693
2026-07-18T01:29:48-04:00,1778500,python,D,245577816,166351392,504745708,249682312,506392728,8927574,3657836,263264720,87944601,111003789
2026-07-18T01:29:53-04:00,1778500,python,D,247424868,165428148,504745708,249682312,506392728,8956407,2200328,263264720,88174824,111003789
2026-07-18T01:29:58-04:00,1778500,python,R,248388212,164947616,504745708,249682312,506392728,8971408,1233484,263264720,88294306,111003789
2026-07-18T01:30:03-04:00,1778500,python,R,244928252,168567088,504745708,249682312,506392728,8971408,4456740,265684004,88294327,111608599
2026-07-18T01:30:08-04:00,1778500,python,R,246436824,167912532,504745708,249682312,506392728,8991861,3064308,265684004,88457594,111608599
2026-07-18T01:30:13-04:00,1778500,python,D,246997064,167126904,504745708,249682312,506392728,9016436,2490004,265684004,88654035,111608599
2026-07-18T01:30:18-04:00,1778500,python,D,248683892,166315148,504745708,249682312,506392728,9043691,964236,265742440,88871383,111623208
2026-07-18T01:30:23-04:00,1778500,python,R,248363444,166338536,504437440,249682312,506392728,9044012,1275304,265772064,88873806,111630614
2026-07-18T01:30:28-04:00,1778500,python,D,187892380,166178840,471252000,249682312,506392728,9058485,61139072,265757060,88910503,111630614
2026-07-18T01:30:33-04:00,1778500,python,R,191761140,165689780,472926680,249682312,506392728,9081943,57593088,265757060,89030712,111630614
2026-07-18T01:30:38-04:00,1778500,python,D,194655052,165264696,471252000,249682312,506392728,9102847,54527660,265757060,89134812,111630614
2026-07-18T01:30:43-04:00,1778500,python,D,199457980,164757380,472926680,249682312,506392728,9130324,50247248,265757060,89258684,111630614
2026-07-18T01:30:48-04:00,1778500,python,R,205408112,164453688,472926680,249682312,506392728,9148043,44256904,265757060,89332462,111630614
2026-07-18T01:30:53-04:00,1778500,python,D,209273804,164030572,472926680,249682312,506392728,9170913,40439708,265757060,89435739,111630614
2026-07-18T01:30:58-04:00,1778500,python,D,214905316,163662500,472926680,249682312,506392728,9192882,34797424,265757060,89524491,111630614
2026-07-18T01:31:03-04:00,1778500,python,R,244252284,164026608,498046864,249682312,506392728,9207354,5470480,266332564,89585106,111774490
2026-07-18T01:31:08-04:00,1778500,python,R,243410904,164004344,498046864,249682312,506392728,9208489,6213468,266332564,89588905,111774490
2026-07-18T01:31:13-04:00,1778500,python,R,244292004,163986888,498046864,249682312,506392728,9209281,5408936,266332564,89592258,111774490
2026-07-18T01:31:18-04:00,1778500,python,R,244548464,164889072,506392708,249682312,506392728,9209800,5095556,267218892,89594306,111996072
2026-07-18T01:31:23-04:00,1778500,python,R,245091236,164863296,504745708,249682312,506392728,9210667,4609200,267218892,89597405,111996072
2026-07-18T01:31:28-04:00,1778500,python,R,245045704,165902720,504745708,249682312,506392728,9210877,4602168,268242500,89598112,112251974
2026-07-18T01:31:33-04:00,1778500,python,R,245727076,165902720,504745708,249682312,506392728,9210877,4620004,268242500,89598167,112251974
2026-07-18T01:31:38-04:00,1778500,python,R,245484384,167464656,504745708,249682312,506392728,9210877,4158044,269734216,89598177,112624903
2026-07-18T01:31:43-04:00,1778500,python,R,247470452,167913516,506392708,249682312,506392728,9210877,2252108,270190564,89598231,112740120
2026-07-18T01:31:48-04:00,1778500,python,R,245425948,169074788,504745708,249682312,506392728,9210877,4031328,271290752,89598239,113014037
2026-07-18T01:31:54-04:00,1778500,python,R,244619556,169074788,504437440,249682312,506392728,9210877,4518024,271290752,89598269,113014037
2026-07-18T01:31:59-04:00,1778500,python,R,189314880,168675264,471252000,249682312,506392728,9231029,60288376,271290752,89697034,113014037
2026-07-18T01:32:04-04:00,1778500,python,D,194852796,168209536,471252000,249682312,506392728,9253715,54815220,271290752,89811715,113014037
2026-07-18T01:32:09-04:00,1778500,python,D,200327208,167758864,471252000,249682312,506392728,9274689,49384744,271290620,89923072,113014037
2026-07-18T01:32:14-04:00,1778500,python,D,205755440,167356300,471252000,249682312,506392728,9294276,43943144,271290620,90021996,113014037
2026-07-18T01:32:19-04:00,1778500,python,R,210128556,166872004,472926680,249682312,506392728,9317260,39499252,271290620,90140826,113014037
2026-07-18T01:32:24-04:00,1778500,python,D,215047936,166435388,471252000,249682312,506392728,9340001,34659000,271290620,90247882,113014037
2026-07-18T01:32:29-04:00,1778500,python,R,241704740,166381704,498046864,249682312,506392728,9342344,7862604,271290620,90260817,113014037
2026-07-18T01:32:34-04:00,1778500,python,R,241896640,166381704,498046864,249682312,506392728,9342344,7738792,271290620,90260820,113014037
2026-07-18T01:32:39-04:00,1778500,python,R,245086628,166381704,506392708,249682312,506392728,9342344,4452444,271290620,90260838,113014037
2026-07-18T01:32:44-04:00,1778500,python,R,243572280,166381704,504745708,249682312,506392728,9342344,6055284,271290620,90260857,113014037
2026-07-18T01:32:49-04:00,1778500,python,R,244172956,166381704,504745708,249682312,506392728,9342344,5232424,271290620,90260897,113014037
2026-07-18T01:32:54-04:00,1778500,python,R,245247544,166381704,504745708,249682312,506392728,9342344,4404788,271290620,90260918,113014037
2026-07-18T01:32:59-04:00,1778500,python,R,246219868,167084644,504745708,249682312,506392728,9342344,4375880,271993468,90260927,113189749
2026-07-18T01:33:04-04:00,1778500,python,R,247849144,168716500,506392708,249682312,506392728,9342344,1907484,273612880,90260933,113595617
2026-07-18T01:33:09-04:00,1778500,python,R,245702444,168788052,504745708,249682312,506392728,9342344,3934936,273670572,90260935,113609025
2026-07-18T01:33:14-04:00,1778500,python,R,245250356,168788052,504437440,249682312,506392728,9342344,4370324,273670572,90260940,113609025
2026-07-18T01:33:19-04:00,1778500,python,R,195008172,168788052,471252000,249682312,506392728,9342344,54621148,273670572,90260972,113609025
2026-07-18T01:33:24-04:00,1778500,python,R,205652508,168788052,472926680,249682312,506392728,9342344,43998768,273670572,90260984,113609025
2026-07-18T01:33:29-04:00,1778500,python,R,230309232,168788052,496372184,249682312,506392728,9342344,19289468,273670572,90261025,113609025
2026-07-18T01:33:34-04:00,1778500,python,R,238233432,168788052,498046864,249682312,506392728,9342344,11153140,273670572,90261049,113609025
2026-07-18T01:33:39-04:00,1778500,python,R,239490292,168788052,498046864,249682312,506392728,9342344,10219832,273670572,90261054,113609025
2026-07-18T01:33:44-04:00,1778500,python,R,240431312,168788052,504745708,249682312,506392728,9342344,9184704,273670572,90261094,113609025
2026-07-18T01:33:49-04:00,1778500,python,R,240027856,168788052,504745708,249682312,506392728,9342344,9392196,273670572,90261097,113609025
2026-07-18T01:33:54-04:00,1778500,python,R,242841196,168788052,504745708,249682312,506392728,9342344,6844392,273670572,90261114,113609025
2026-07-18T01:33:59-04:00,1778500,python,R,244516460,168788052,504745708,249682312,506392728,9342344,4301092,273670572,90261127,113609025
2026-07-18T01:34:04-04:00,1778500,python,R,243536080,168788052,504745708,249682312,506392728,9342344,6045244,273670572,90261160,113609025
2026-07-18T01:34:09-04:00,1778500,python,R,246185160,168792148,504745708,249682312,506392728,9342344,3546660,273674668,90261161,113610049
2026-07-18T01:34:14-04:00,1778500,python,R,245008692,168792148,504437440,249682312,506392728,9342344,4384296,273674668,90261188,113610049
2026-07-18T01:34:19-04:00,1778500,python,R,190257608,168791976,471252000,249682312,506392728,9342404,58558192,273674668,90261229,113610049
2026-07-18T01:34:24-04:00,1778500,python,R,200357176,168791976,472926680,249682312,506392728,9342404,48502200,273674668,90261266,113610049
2026-07-18T01:34:29-04:00,1778500,python,R,207981000,168791976,471252000,249682312,506392728,9342404,40403848,273674668,90261268,113610049
2026-07-18T01:34:34-04:00,1778500,python,R,237828696,168791976,498046864,249682312,506392728,9342404,10202012,273674668,90261284,113610049
2026-07-18T01:34:39-04:00,1778500,python,R,238502516,168791976,498046864,249682312,506392728,9342404,10193632,273674668,90261294,113610049
2026-07-18T01:34:44-04:00,1778500,python,R,238021236,168791976,498046864,249682312,506392728,9342404,10123320,273674668,90261306,113610049
2026-07-18T01:34:49-04:00,1778500,python,R,241178896,168791976,504745708,249682312,506392728,9342404,7643404,273674668,90261309,113610049
2026-07-18T01:34:54-04:00,1778500,python,R,242854160,168791976,504745708,249682312,506392728,9342404,5095896,273674668,90261331,113610049
2026-07-18T01:34:59-04:00,1778500,python,R,241478516,168791976,504745708,249682312,506392728,9342404,6752808,273674668,90261332,113610049
2026-07-18T01:35:04-04:00,1778500,python,R,243399540,168791976,504745708,249682312,506392728,9342404,5130540,273674668,90261361,113610049
2026-07-18T01:35:09-04:00,1778500,python,R,246174544,168791976,506392708,249682312,506392728,9342404,2637372,273674668,90261369,113610049
2026-07-18T01:35:14-04:00,1778500,python,R,246145428,168848768,504745708,249682312,506392728,9342404,3592572,273729672,90261397,113623800
2026-07-18T01:35:19-04:00,1778500,python,R,245696000,168848768,504437440,249682312,506392728,9342404,3965704,273729672,90261397,113623800
2026-07-18T01:35:25-04:00,1778500,python,R,170836312,101523776,388567588,249682312,508095068,9342499,79143500,203960344,90261571,114065903
2026-07-18T01:35:30-04:00,1778500,python,R,180797784,101523776,388567588,249682312,508095068,9342499,68913456,203960344,90261571,114065903
2026-07-18T01:35:35-04:00,1778500,python,R,192257220,101523776,388567588,249682312,508095068,9342499,57750232,203960344,90261609,114065903
2026-07-18T01:35:40-04:00,1778500,python,R,224044208,101523776,415362452,249682312,508095068,9342499,25866796,203960344,90261611,114065903
2026-07-18T01:35:45-04:00,1778500,python,R,223892656,101523776,415362452,249682312,508095068,9342499,25961340,203960344,90261637,114065903
2026-07-18T01:35:50-04:00,1778500,python,R,223534256,101523776,415362452,249682312,508095068,9342499,26297824,203960344,90261646,114065903
2026-07-18T01:35:55-04:00,1778500,python,R,225104764,101523776,422061296,249682312,508095068,9342499,24736484,203960344,90261686,114065903
2026-07-18T01:36:00-04:00,1778500,python,R,225100644,101523776,423708296,249682312,508095068,9342499,24747904,203960344,90261691,114065903
2026-07-18T01:36:05-04:00,1778500,python,R,227426024,101523776,422061296,249682312,508095068,9342499,22491732,203960344,90261710,114065903
2026-07-18T01:36:10-04:00,1778500,python,R,228645756,101523776,422061296,249682312,508095068,9342499,21183676,203960344,90261725,114065903
2026-07-18T01:36:15-04:00,1778500,python,R,228451196,101523776,422061296,249682312,508095068,9342499,21357572,203960344,90261728,114065903
2026-07-18T01:36:20-04:00,1778500,python,R,230102148,101523776,422061296,249682312,508095068,9342499,19722684,203960344,90261744,114065903
2026-07-18T01:36:25-04:00,1778500,python,R,230466500,101523776,421753028,249682312,508095068,9342499,19468612,203960344,90261751,114065903
2026-07-18T01:36:30-04:00,1778500,python,R,177185364,101523736,388567588,249682312,508095068,9342499,72808188,203960288,90261753,114065903
2026-07-18T01:36:35-04:00,1778500,python,R,187232852,101523736,388567588,249682312,508095068,9342499,62757216,203960288,90261768,114065903
2026-07-18T01:36:40-04:00,1778500,python,R,196567636,101523736,388567588,249682312,508095068,9342499,53348492,203960288,90261773,114065903
2026-07-18T01:36:45-04:00,1778500,python,R,224075180,101523736,415362452,249682312,508095068,9342499,25879148,203960288,90261773,114065903
2026-07-18T01:36:50-04:00,1778500,python,R,223220288,101523736,415362452,249682312,508095068,9342499,25790172,203960288,90261797,114065903
2026-07-18T01:36:55-04:00,1778500,python,R,226140608,101523736,423708296,249682312,508095068,9342499,22857620,203960288,90261815,114065903
2026-07-18T01:37:00-04:00,1778500,python,R,224860428,101523736,422061296,249682312,508095068,9342499,24160620,203960288,90261821,114065903
2026-07-18T01:37:05-04:00,1778500,python,R,227425400,101523736,422061296,249682312,508095068,9342499,21692584,203960288,90261862,114065903
2026-07-18T01:37:10-04:00,1778500,python,R,227033356,101523736,422061296,249682312,508095068,9342499,21994136,203960288,90261867,114065903
2026-07-18T01:37:15-04:00,1778500,python,R,229100664,101523736,422061296,249682312,508095068,9342499,20019412,203960288,90261886,114065903
2026-07-18T01:37:20-04:00,1778500,python,R,229165588,101523736,422061296,249682312,508095068,9342499,19423116,203960288,90261888,114065903
2026-07-18T01:37:25-04:00,1778500,python,R,229575188,101523736,422061296,249682312,508095068,9342499,19425296,203960288,90261898,114065903
2026-07-18T01:37:30-04:00,1778500,python,R,179887484,101523736,386892908,249682312,508095068,9342499,69169668,203960288,90261900,114065903
2026-07-18T01:37:35-04:00,1778500,python,R,224075404,101523736,415362452,249682312,508095068,9342499,25043856,203960288,90261914,114065903
2026-07-18T01:37:40-04:00,1778500,python,R,224075404,101523736,415362452,249682312,508095068,9342499,25040340,203960288,90261917,114065903
2026-07-18T01:37:45-04:00,1778500,python,R,224075404,101523736,415362452,249682312,508095068,9342499,25039544,203960288,90261944,114065903
2026-07-18T01:37:50-04:00,1778500,python,R,225036780,101523736,422061296,249682312,508095068,9342499,24020088,203960288,90261949,114065903
2026-07-18T01:37:55-04:00,1778500,python,R,227397948,101523736,423708296,249682312,508095068,9342499,21717984,203960288,90261964,114065903
2026-07-18T01:38:00-04:00,1778500,python,R,227425624,101523736,422061296,249682312,508095068,9342499,22720812,203960288,90261967,114065903
2026-07-18T01:38:05-04:00,1778500,python,R,228956652,101523736,422061296,249682312,508095068,9342499,20942496,203960288,90261980,114065903
2026-07-18T01:38:10-04:00,1778500,python,R,229073212,101523736,423708296,249682312,508095068,9342499,20920960,203960288,90261983,114065903
2026-07-18T01:38:15-04:00,1778500,python,R,230748916,101523736,422061296,249682312,508095068,9342499,19200512,203960288,90261996,114065903
2026-07-18T01:38:20-04:00,1778500,python,R,230063816,101523736,421753028,249682312,508095068,9342499,19835276,203960288,90262014,114065903
2026-07-18T01:38:25-04:00,1778500,python,R,81085044,73802620,165835288,249682312,508095068,9343015,168378864,128437648,90265596,114065903
